usama12_usama,Usama Benabdelkrim,2013-03-29 09:04:37,Catalu침a  Espa침a,https://twitter.com/usama12_usama,neutral,neutral,True,False,None,None,Ingenier칤a Inform치tica,1064626271743811585,2018-11-19 21:07:37,Los @Topesdgama est치n sorteando un Xiaomi Mi8. Participa desde aqu칤: https://t.co/9URTMrnqRb
usama12_usama,Usama Benabdelkrim,2013-03-29 09:04:37,Catalu침a  Espa침a,https://twitter.com/usama12_usama,neutral,neutral,True,False,None,None,Ingenier칤a Inform치tica,872827171861024768,2017-06-08 14:46:28,Los @Topesdgama y @Gearbest_Esp est치n sorteado un Mi6  participa aqu칤: https://t.co/heCfoDrb2A
usama12_usama,Usama Benabdelkrim,2013-03-29 09:04:37,Catalu침a  Espa침a,https://twitter.com/usama12_usama,neutral,neutral,True,False,None,None,Ingenier칤a Inform치tica,711315357789622272,2016-03-19 22:16:11,Incre칤ble TEST DE DESTRUCCI칍N del Samsung Galaxy S7 Edge | Casi Explota https://t.co/zRziU0Z89k
usama12_usama,Usama Benabdelkrim,2013-03-29 09:04:37,Catalu침a  Espa침a,https://twitter.com/usama12_usama,neutral,neutral,True,False,None,None,Ingenier칤a Inform치tica,711315348872499203,2016-03-19 22:16:09,Puedo llevarme un Samsung Galaxy S7 GRATIS! Participa aqu칤: https://t.co/yZjaSvVXkP
usama12_usama,Usama Benabdelkrim,2013-03-29 09:04:37,Catalu침a  Espa침a,https://twitter.com/usama12_usama,neutral,neutral,True,False,None,None,Ingenier칤a Inform치tica,711135120007294976,2016-03-19 10:19:59,Sorteo Samsung Galaxy S7 https://t.co/nJ0kepNQHc
usama12_usama,Usama Benabdelkrim,2013-03-29 09:04:37,Catalu침a  Espa침a,https://twitter.com/usama12_usama,neutral,neutral,True,False,None,None,Ingenier칤a Inform치tica,709092799988236290,2016-03-13 19:04:32,Nexus 6P International #Giveaway @androidauth https://t.co/WBM7Vf3vIW
usama12_usama,Usama Benabdelkrim,2013-03-29 09:04:37,Catalu침a  Espa침a,https://twitter.com/usama12_usama,neutral,neutral,True,False,None,None,Ingenier칤a Inform치tica,706880468440850432,2016-03-07 16:33:31,Galaxy S7 International #Giveaway @androidauth https://t.co/RY2QrSc7NO
usama12_usama,Usama Benabdelkrim,2013-03-29 09:04:37,Catalu침a  Espa침a,https://twitter.com/usama12_usama,neutral,neutral,True,False,None,None,Ingenier칤a Inform치tica,705167004387266560,2016-03-02 23:04:49,PARTICIPO EN EL SORTEO HONOR 7 DE @eloygomez &amp; @androtube mas info: https://t.co/SFHzG3HMkK 칩 https://t.co/dYSfjGk4eR #SORTEOHONOR7
usama12_usama,Usama Benabdelkrim,2013-03-29 09:04:37,Catalu침a  Espa침a,https://twitter.com/usama12_usama,neutral,neutral,True,False,None,None,Ingenier칤a Inform치tica,705136395254235136,2016-03-02 21:03:12,Yo SI participo en el #SorteoCellularLine de @2x1digital 쯫 tu a que esperas?  https://t.co/io543Y8uRu
usama12_usama,Usama Benabdelkrim,2013-03-29 09:04:37,Catalu침a  Espa침a,https://twitter.com/usama12_usama,neutral,neutral,True,False,None,None,Ingenier칤a Inform치tica,690791720527777792,2016-01-23 07:02:35,#OperaMax ayuda a ahorrar los datos mientras ve Netflix! Gana un Nexus 6p  Nexus Player  o Sphero BB8!  https://t.co/6pXB6KAXgu #MaxNetflix
usama12_usama,Usama Benabdelkrim,2013-03-29 09:04:37,Catalu침a  Espa침a,https://twitter.com/usama12_usama,neutral,neutral,True,False,None,None,Ingenier칤a Inform치tica,686280116159266822,2016-01-10 20:15:04,#directoTFB  @ErnestDift
usama12_usama,Usama Benabdelkrim,2013-03-29 09:04:37,Catalu침a  Espa침a,https://twitter.com/usama12_usama,neutral,neutral,True,False,None,None,Ingenier칤a Inform치tica,662346596923736064,2015-11-05 19:11:49,Estoy participando en el #SorteoXperiaZ5 de @TuTecnoMundo para ganarlo Gratis. 춰Deseadme suerte! https://t.co/wFAr4bHqW3
usama12_usama,Usama Benabdelkrim,2013-03-29 09:04:37,Catalu침a  Espa침a,https://twitter.com/usama12_usama,neutral,neutral,True,False,None,None,Ingenier칤a Inform치tica,648498106099736576,2015-09-28 14:02:51,?@andro4all Hola cracks  quien es el ganador del sorteo del S6 edge+?
usama12_usama,Usama Benabdelkrim,2013-03-29 09:04:37,Catalu침a  Espa침a,https://twitter.com/usama12_usama,neutral,neutral,True,False,None,None,Ingenier칤a Inform치tica,648207520402644992,2015-09-27 18:48:10,@andro4all  Hola buenas  al final quien es el ganador del Samsung Galaxy s6 edge+?
usama12_usama,Usama Benabdelkrim,2013-03-29 09:04:37,Catalu침a  Espa침a,https://twitter.com/usama12_usama,neutral,neutral,True,False,None,None,Ingenier칤a Inform치tica,647506621309054976,2015-09-25 20:23:03,춰Voy a ganar el OnePlus 2 que sortean en @Andro4all! http://t.co/TcKfPhprJy #OnePlus2Andro4all
usama12_usama,Usama Benabdelkrim,2013-03-29 09:04:37,Catalu침a  Espa침a,https://twitter.com/usama12_usama,neutral,neutral,True,False,None,None,Ingenier칤a Inform치tica,647506545471827969,2015-09-25 20:22:45,#OnePlus2Andro4all
usama12_usama,Usama Benabdelkrim,2013-03-29 09:04:37,Catalu침a  Espa침a,https://twitter.com/usama12_usama,neutral,neutral,True,False,None,None,Ingenier칤a Inform치tica,593389628008353792,2015-04-29 12:21:26,@LatreMariona 游땍ufff em quedo a gustet
usama12_usama,Usama Benabdelkrim,2013-03-29 09:04:37,Catalu침a  Espa침a,https://twitter.com/usama12_usama,neutral,neutral,True,False,None,None,Ingenier칤a Inform치tica,593388827823230977,2015-04-29 12:18:15,@LatreMariona esqe la yainde folla beeeeee moltbeeeee 游땘游땘
usama12_usama,Usama Benabdelkrim,2013-03-29 09:04:37,Catalu침a  Espa침a,https://twitter.com/usama12_usama,neutral,neutral,True,False,None,None,Ingenier칤a Inform치tica,593382919353274368,2015-04-29 11:54:47,@LatreMariona lia molt
usama12_usama,Usama Benabdelkrim,2013-03-29 09:04:37,Catalu침a  Espa침a,https://twitter.com/usama12_usama,neutral,neutral,True,False,None,None,Ingenier칤a Inform치tica,593382153901203457,2015-04-29 11:51:44,@LatreMariona 游땍la molt
usama12_usama,Usama Benabdelkrim,2013-03-29 09:04:37,Catalu침a  Espa침a,https://twitter.com/usama12_usama,neutral,neutral,True,False,None,None,Ingenier칤a Inform치tica,593381642883997696,2015-04-29 11:49:42,@LatreMariona olaaaaa
usama12_usama,Usama Benabdelkrim,2013-03-29 09:04:37,Catalu침a  Espa침a,https://twitter.com/usama12_usama,neutral,neutral,True,False,None,None,Ingenier칤a Inform치tica,591915594016018432,2015-04-25 10:44:09,Participo en el #SorteoGalaxyS6 de @ProAndroides !
usama12_usama,Usama Benabdelkrim,2013-03-29 09:04:37,Catalu침a  Espa침a,https://twitter.com/usama12_usama,neutral,neutral,True,False,None,None,Ingenier칤a Inform치tica,589873671948394496,2015-04-19 19:30:17,@SamsungEspana Hola  me dejariais alg칰n Samsung Galaxy S6/edge para analizarlo en YOUTUBE  el correo de mi canal es tecnodroides0@gmail.com
