BarackObama,Barack Obama,2007-03-05 22:08:25,Washington  DC,https://twitter.com/BarackObama,democrat,budism,False,False,None,None,Dad  husband  President  citizen.,1403018040934027266,2021-06-10 15:55:42,Happy birthday  Sasha! You’ve grown so much  and it’s been a joy to watch you become the person we always hoped you’d be. Your mom and I can’t wait to see where life takes you next. https://t.co/IJ8hEpy01u
BarackObama,Barack Obama,2007-03-05 22:08:25,Washington  DC,https://twitter.com/BarackObama,democrat,budism,False,False,None,None,Dad  husband  President  citizen.,1401226146973470722,2021-06-05 17:15:21,It's always great catching up with @POTUS  and I'm grateful for everything he and his administration have done to protect and expand the Affordable Care Act. Let's keep working until every American has access to quality  affordable health care. https://t.co/WYCipaCeX4
BarackObama,Barack Obama,2007-03-05 22:08:25,Washington  DC,https://twitter.com/BarackObama,democrat,budism,False,False,None,None,Dad  husband  President  citizen.,1400845069217828872,2021-06-04 16:01:05,On National Gun Violence Awareness Day  we #wearorange to honor those we’ve lost. As we begin to emerge from the pandemic  let’s not forget the other epidemic killing far too many Americans—and keep working to pass commonsense gun safety laws that will protect our communities.
BarackObama,Barack Obama,2007-03-05 22:08:25,Washington  DC,https://twitter.com/BarackObama,democrat,budism,False,False,None,None,Dad  husband  President  citizen.,1400484971760996354,2021-06-03 16:10:11,"Coaches like Ernest Radcliffe are changing lives every single day. They understand how sports can help us build relationships  communicate better  and learn how to get back up when life knocks us down.

Thanks for letting me stop by practice  Coach! https://t.co/bKoXgzZGtP"
BarackObama,Barack Obama,2007-03-05 22:08:25,Washington  DC,https://twitter.com/BarackObama,democrat,budism,False,False,None,None,Dad  husband  President  citizen.,1400172449816317953,2021-06-02 19:28:20,Yesterday  I sat down with some of the Obama Presidential Center’s neighbors—local business owners who help hold the South Side of Chicago together. We talked about how the @ObamaFoundation can catalyze more inclusive economic development and their hopes for the future. https://t.co/aTMmwMlcHH
BarackObama,Barack Obama,2007-03-05 22:08:25,Washington  DC,https://twitter.com/BarackObama,democrat,budism,False,False,None,None,Dad  husband  President  citizen.,1400140945975386113,2021-06-02 17:23:09,Michelle and I are excited to share our latest show from Higher Ground: We The People. Some of our favorite artists got together with amazing animators to remix civics—and the result is a lot better than what we had in school. Check it out on @Netflix this July 4. https://t.co/PlsSyq5pgk
BarackObama,Barack Obama,2007-03-05 22:08:25,Washington  DC,https://twitter.com/BarackObama,democrat,budism,False,False,None,None,Dad  husband  President  citizen.,1399878518960529412,2021-06-02 00:00:22,It’s great to be back in my hometown and even better to spend some time with talented young people in Jackson Park. I’m proud of the Wolfpack for a terrific season  and for their leadership off the field as well. Thanks for letting me give a guest pep talk! https://t.co/md3qjvffxY
BarackObama,Barack Obama,2007-03-05 22:08:25,Washington  DC,https://twitter.com/BarackObama,democrat,budism,False,False,None,None,Dad  husband  President  citizen.,1399787983209996289,2021-06-01 18:00:36,.@brhodes has been a close advisor and a good friend for more than a decade. His new book  After the Fall  is a personal  timely look at how America has shaped the world we live in—for better and worse—and the importance of continuing to lead by example. It's a great read! https://t.co/YwoUeV9Dk7
BarackObama,Barack Obama,2007-03-05 22:08:25,Washington  DC,https://twitter.com/BarackObama,democrat,budism,False,False,None,None,Dad  husband  President  citizen.,1399412024396894211,2021-05-31 17:06:41,On the 100th anniversary of the Tulsa Race Massacre  we remember all those who were killed and the survivors who bravely continue to share their stories so that we never forget this painful part of our history. Take a moment to learn about what happened: https://t.co/RiqrSpKGNz
BarackObama,Barack Obama,2007-03-05 22:08:25,Washington  DC,https://twitter.com/BarackObama,democrat,budism,False,False,None,None,Dad  husband  President  citizen.,1399350457001250819,2021-05-31 13:02:02,This Memorial Day  let’s remember the men and women who sacrificed everything for the people they served with and the country they loved. We owe them all an enormous debt of gratitude. https://t.co/uPSn54O9Xs
BarackObama,Barack Obama,2007-03-05 22:08:25,Washington  DC,https://twitter.com/BarackObama,democrat,budism,False,False,None,None,Dad  husband  President  citizen.,1398345940315086854,2021-05-28 18:30:26,.@MarcusRashford is way ahead of where I was at 23—and not just because he’s a better athlete. It was great talking with him about everything from our shared love of reading to how we can lift up the next generation of leaders. https://t.co/mRF8H4JVbG
BarackObama,Barack Obama,2007-03-05 22:08:25,Washington  DC,https://twitter.com/BarackObama,democrat,budism,False,False,None,None,Dad  husband  President  citizen.,1397637033942831104,2021-05-26 19:33:30,"At today’s @MBK_Alliance Leadership Forum  we’re talking about the amazing levels of activism we’ve seen since George Floyd was killed—and the need to reimagine policing and public safety. Join us live. 

https://t.co/p6ucOZgwtD"
BarackObama,Barack Obama,2007-03-05 22:08:25,Washington  DC,https://twitter.com/BarackObama,democrat,budism,False,False,None,None,Dad  husband  President  citizen.,1397576193365401604,2021-05-26 15:31:44,The COVID-19 vaccines are a miracle of modern science  and getting one is the best way to protect yourself and your family. If you haven’t already  schedule an appointment near you at https://t.co/k4jKpPT5qo.
BarackObama,Barack Obama,2007-03-05 22:08:25,Washington  DC,https://twitter.com/BarackObama,democrat,budism,False,False,None,None,Dad  husband  President  citizen.,1397576191981330442,2021-05-26 15:31:44,At a time when so much of the debate around vaccinations and other public health measures has been politicized  this article offers a useful reminder of the role of modern science in fundamentally transforming all of our lives. https://t.co/oCWWHNQPcI
BarackObama,Barack Obama,2007-03-05 22:08:25,Washington  DC,https://twitter.com/BarackObama,democrat,budism,False,False,None,None,Dad  husband  President  citizen.,1397205852524777479,2021-05-25 15:00:08,When injustice runs deep  progress takes time. But if we can turn words into action and action into meaningful reform  we will  in the words of James Baldwin  “cease fleeing from reality and begin to change it.”
BarackObama,Barack Obama,2007-03-05 22:08:25,Washington  DC,https://twitter.com/BarackObama,democrat,budism,False,False,None,None,Dad  husband  President  citizen.,1397205848699674630,2021-05-25 15:00:07,Today  more people in more places are seeing the world more clearly than they did a year ago. It’s a tribute to all those who decided that this time would be different—and that they  in their own ways  would help make it different.
BarackObama,Barack Obama,2007-03-05 22:08:25,Washington  DC,https://twitter.com/BarackObama,democrat,budism,False,False,None,None,Dad  husband  President  citizen.,1397205846778654720,2021-05-25 15:00:07,George Floyd was murdered one year ago today. Since then  hundreds more Americans have died in encounters with police—parents  sons  daughters  friends taken from us far too soon. But the last year has also given us reasons to hope.
BarackObama,Barack Obama,2007-03-05 22:08:25,Washington  DC,https://twitter.com/BarackObama,democrat,budism,False,False,None,None,Dad  husband  President  citizen.,1396920200663011329,2021-05-24 20:05:04,"On Wednesday  I’ll join activists  community leaders  and young people from the @MBK_Alliance for a conversation about transforming tragedy into meaningful reform in the year since George Floyd's murder.

Find out how you can join us live: https://t.co/ZxDyucx4Xo https://t.co/tSyDcEQ6js"
BarackObama,Barack Obama,2007-03-05 22:08:25,Washington  DC,https://twitter.com/BarackObama,democrat,budism,False,False,None,None,Dad  husband  President  citizen.,1396877914545786882,2021-05-24 17:17:02,"I recently spoke with a group of HBCU students who are helping folks in their communities get vaccinated. They’re doing amazing work  and have some great advice about how to answer questions and build trust.
https://t.co/GxOiPtOtpB"
BarackObama,Barack Obama,2007-03-05 22:08:25,Washington  DC,https://twitter.com/BarackObama,democrat,budism,False,False,None,None,Dad  husband  President  citizen.,1395835463248842761,2021-05-21 20:14:42,Spending time with young folks always makes me hopeful about the future. I had a great time catching up with @ChiPubSchools South Shore students and talking about some of our plans for the Obama Presidential Center. https://t.co/SUNdh2o6Gu
BarackObama,Barack Obama,2007-03-05 22:08:25,Washington  DC,https://twitter.com/BarackObama,democrat,budism,False,False,None,None,Dad  husband  President  citizen.,1394336949939445760,2021-05-17 17:00:09,"This month marks 60 years since the Freedom Riders bravely set out on two buses to challenge segregation in the South.
 
To mark this anniversary  the @ObamaFoundation spoke with three of those freedom riders. I hope you’ll listen to their story: https://t.co/KBfBnVaJYz"
BarackObama,Barack Obama,2007-03-05 22:08:25,Washington  DC,https://twitter.com/BarackObama,democrat,budism,False,False,None,None,Dad  husband  President  citizen.,1393290129788350468,2021-05-14 19:40:27,The other day I had a chance to visit a COVID-19 vaccination site in Greenbelt  MD. It was great to see so many folks getting their shot. If you need one  sign up today at https://t.co/k4jKpPT5qo — and then spread the word so we can keep our families and communities safe. https://t.co/iyR2IqCTD4
BarackObama,Barack Obama,2007-03-05 22:08:25,Washington  DC,https://twitter.com/BarackObama,democrat,budism,False,False,None,None,Dad  husband  President  citizen.,1392547819425345538,2021-05-12 18:30:47,On International Nurses Day  let’s celebrate the nurses and medical professionals around the world who do so much for so many. And let’s thank them the best way we can: by getting the COVID-19 vaccine and encouraging our friends and family to do the same.
BarackObama,Barack Obama,2007-03-05 22:08:25,Washington  DC,https://twitter.com/BarackObama,democrat,budism,False,False,None,None,Dad  husband  President  citizen.,1391786558748045312,2021-05-10 16:05:48,When @POTUS signed the American Rescue Plan  it led to the largest expansion of health care since the Affordable Care Act. Now close to 1 million people have signed up for health care since February. Make sure you're covered at https://t.co/ob1Ynoesod. https://t.co/A113SWN49q
BarackObama,Barack Obama,2007-03-05 22:08:25,Washington  DC,https://twitter.com/BarackObama,democrat,budism,False,False,None,None,Dad  husband  President  citizen.,1391415644252512267,2021-05-09 15:31:55,Happy Mother’s Day to @MichelleObama and all the moms celebrating today. I hope you take a moment to thank the women who love you in that special way that mothers do  and remember those who are no longer with us. https://t.co/Uky8xMqHRl
BarackObama,Barack Obama,2007-03-05 22:08:25,Washington  DC,https://twitter.com/BarackObama,democrat,budism,False,False,None,None,Dad  husband  President  citizen.,1391106043900579842,2021-05-08 19:01:41,He was exactly what we needed and more than we ever expected. We will miss him dearly. https://t.co/CHweCxwJ7a
BarackObama,Barack Obama,2007-03-05 22:08:25,Washington  DC,https://twitter.com/BarackObama,democrat,budism,False,False,None,None,Dad  husband  President  citizen.,1391106033922318340,2021-05-08 19:01:38,He tolerated all the fuss that came with being in the White House  had a big bark but no bite  loved to jump in the pool in the summer  was unflappable with children  lived for scraps around the dinner table  and had great hair. https://t.co/1x4VOMsLGR
BarackObama,Barack Obama,2007-03-05 22:08:25,Washington  DC,https://twitter.com/BarackObama,democrat,budism,False,False,None,None,Dad  husband  President  citizen.,1391106025269440516,2021-05-08 19:01:36,Today our family lost a true friend and loyal companion. For more than a decade  Bo was a constant  gentle presence in our lives—happy to see us on our good days  our bad days  and everyday in between. https://t.co/qKMNojiu9V
BarackObama,Barack Obama,2007-03-05 22:08:25,Washington  DC,https://twitter.com/BarackObama,democrat,budism,False,False,None,None,Dad  husband  President  citizen.,1390376149809864704,2021-05-06 18:41:20,Zahrah’s story is a reminder that the Obama Presidential Center isn’t just about creating a place for people to visit. It’s about investing in the South Side  and giving Chicagoans an opportunity to build a brighter future. https://t.co/OYv8UAynGO
BarackObama,Barack Obama,2007-03-05 22:08:25,Washington  DC,https://twitter.com/BarackObama,democrat,budism,False,False,None,None,Dad  husband  President  citizen.,1390325192585453568,2021-05-06 15:18:51,Happy 90th birthday to Willie Mays! If it wasn't for folks like Willie and Jackie Robinson  I might never have made it to the White House. The spirit he played with and the way he carried himself changed the game and people’s attitudes. I’m glad he’s still going strong. https://t.co/DTlRlart5U
BarackObama,Barack Obama,2007-03-05 22:08:25,Washington  DC,https://twitter.com/BarackObama,democrat,budism,False,False,None,None,Dad  husband  President  citizen.,1388116011367424000,2021-04-30 13:00:21,It was because of them I was able to travel to New York City later that week and tell some of the people who had a loved one murdered by al Qaeda on September 11: America has never forgotten your loss. Watch my full conversation with Bill: https://t.co/XKR8xm8Xw8
BarackObama,Barack Obama,2007-03-05 22:08:25,Washington  DC,https://twitter.com/BarackObama,democrat,budism,False,False,None,None,Dad  husband  President  citizen.,1388115964202557441,2021-04-30 13:00:10,"This week  Admiral Bill McRaven joined me to reflect on the operation against Osama bin Laden ten years ago. 

Looking back  I am grateful to Bill  his team  and the thousands of people across government  whose work made it possible for that mission to succeed. https://t.co/XcRxpAJaea"
BarackObama,Barack Obama,2007-03-05 22:08:25,Washington  DC,https://twitter.com/BarackObama,democrat,budism,False,False,None,None,Dad  husband  President  citizen.,1387908687830949894,2021-04-29 23:16:31,Bernie Wong was a trailblazer who spent her life advocating for Asian Americans and immigrant communities in Chicago and across the U.S. Her legacy of community leadership inspired me and so many others  and her impact will be felt for generations to come. https://t.co/1s88ozW4xJ
BarackObama,Barack Obama,2007-03-05 22:08:25,Washington  DC,https://twitter.com/BarackObama,democrat,budism,False,False,None,None,Dad  husband  President  citizen.,1387897264711012357,2021-04-29 22:31:08,During President @JoeBiden’s first 100 days  the economy has created more than 1 million jobs  more than 200 million shots have been administered  and we’re on our way to cutting child poverty in half. And as we saw last night  this is just the beginning. https://t.co/T89Kxxd0WU
BarackObama,Barack Obama,2007-03-05 22:08:25,Washington  DC,https://twitter.com/BarackObama,democrat,budism,False,False,None,None,Dad  husband  President  citizen.,1386801123076489224,2021-04-26 21:55:27,States have just learned how many seats they have in Congress for the next decade. This process is an important step in making sure our maps—and electoral process—better reflect our communities. Get involved in the fight for fair maps with @AllOnTheLine: https://t.co/hudtiWoZjW
BarackObama,Barack Obama,2007-03-05 22:08:25,Washington  DC,https://twitter.com/BarackObama,democrat,budism,False,False,None,None,Dad  husband  President  citizen.,1386757369540055040,2021-04-26 19:01:36,The world’s attention must remain on Myanmar  where I’ve been appalled by heartbreaking violence against civilians and inspired by the nationwide movement that represents the voice of the people. https://t.co/zBkJqEeq0E
BarackObama,Barack Obama,2007-03-05 22:08:25,Washington  DC,https://twitter.com/BarackObama,democrat,budism,False,False,None,None,Dad  husband  President  citizen.,1385987279177531405,2021-04-24 16:01:32,I love wandering into independent bookstores and discovering new voices and new authors. So on Independent Bookstore Day  I wanted to talk with some of the folks who help support authors and nourish our communities. https://t.co/H8SqOV0nAa
BarackObama,Barack Obama,2007-03-05 22:08:25,Washington  DC,https://twitter.com/BarackObama,democrat,budism,False,False,None,None,Dad  husband  President  citizen.,1385250797949181955,2021-04-22 15:15:01,No challenge poses a greater threat to our planet and to future generations than climate change. I’m proud that the @ObamaFoundation supports young people leading this fight and that the Obama Presidential Center reflects our commitment to sustainability. https://t.co/3SL3Dy50qU
BarackObama,Barack Obama,2007-03-05 22:08:25,Washington  DC,https://twitter.com/BarackObama,democrat,budism,False,False,None,None,Dad  husband  President  citizen.,1384626851511951360,2021-04-20 21:55:41,Today  a jury did the right thing. But true justice requires much more. Michelle and I send our prayers to the Floyd family  and we stand with all those who are committed to guaranteeing every American the full measure of justice that George and so many others have been denied. https://t.co/mihZQHqACV
BarackObama,Barack Obama,2007-03-05 22:08:25,Washington  DC,https://twitter.com/BarackObama,democrat,budism,False,False,None,None,Dad  husband  President  citizen.,1384532417353064450,2021-04-20 15:40:26,"With all the enormous challenges facing the world  it’s worth taking the time to appreciate extraordinary human achievement and our relentless impulse toward discovery.
https://t.co/MYjsH5SZ6a"
BarackObama,Barack Obama,2007-03-05 22:08:25,Washington  DC,https://twitter.com/BarackObama,democrat,budism,False,False,None,None,Dad  husband  President  citizen.,1384507401827725313,2021-04-20 14:01:02,I want to share a new book  Power to the Public  that illustrates how nonprofits and governments can use technology to solve some of the most pressing issues of our time. It includes some good examples and is worth a read for anyone who cares about making change happen. https://t.co/1la9TGUMTV
BarackObama,Barack Obama,2007-03-05 22:08:25,Washington  DC,https://twitter.com/BarackObama,democrat,budism,False,False,None,None,Dad  husband  President  citizen.,1384328303239106568,2021-04-20 02:09:21,Walter Mondale championed progressive causes and changed the role of VP—so leaders like @JoeBiden could be the last ones in the room when decisions were made. In selecting Geraldine Ferraro  he also paved the way for @VP to make history. Michelle and I send prayers to his family.
BarackObama,Barack Obama,2007-03-05 22:08:25,Washington  DC,https://twitter.com/BarackObama,democrat,budism,False,False,None,None,Dad  husband  President  citizen.,1383926520377270276,2021-04-18 23:32:49,Charles and @Shaq agree: we can all help end this pandemic by getting the COVID-19 vaccine. It's the only way to keep everyone safe and help us get back to all the things we miss most—from seeing family and friends to watching sports in person. https://t.co/y2DlprGPds
BarackObama,Barack Obama,2007-03-05 22:08:25,Washington  DC,https://twitter.com/BarackObama,democrat,budism,False,False,None,None,Dad  husband  President  citizen.,1382405939697958912,2021-04-14 18:50:34,After nearly two decades in Afghanistan  it’s time to recognize that we have accomplished all that we can militarily  and bring our remaining troops home. I support @POTUS’s bold leadership in building our nation at home and restoring our standing around the world. https://t.co/BrDzASXD3G
BarackObama,Barack Obama,2007-03-05 22:08:25,Washington  DC,https://twitter.com/BarackObama,democrat,budism,False,False,None,None,Dad  husband  President  citizen.,1382340372119105537,2021-04-14 14:30:02,Michelle and I are thrilled to be one step closer to bringing the Obama Presidential Center to the South Side of Chicago. We hope it will help lift up the South Side and breathe new life into Jackson Park and the surrounding communities. https://t.co/IItJNFyoAp
BarackObama,Barack Obama,2007-03-05 22:08:25,Washington  DC,https://twitter.com/BarackObama,democrat,budism,False,False,None,None,Dad  husband  President  citizen.,1381978746157203456,2021-04-13 14:33:03,You can find resources and ways to help here: https://t.co/2KcB4T3b0I
BarackObama,Barack Obama,2007-03-05 22:08:25,Washington  DC,https://twitter.com/BarackObama,democrat,budism,False,False,None,None,Dad  husband  President  citizen.,1381978744257122311,2021-04-13 14:33:03,Our hearts are heavy over yet another shooting of a Black man  Daunte Wright  at the hands of police. It’s important to conduct a full and transparent investigation  but this is also a reminder of just how badly we need to reimagine policing and public safety in this country. https://t.co/sgcbRjlApr
BarackObama,Barack Obama,2007-03-05 22:08:25,Washington  DC,https://twitter.com/BarackObama,democrat,budism,False,False,None,None,Dad  husband  President  citizen.,1380555008593305606,2021-04-09 16:15:38,Through his extraordinary example  His Royal Highness Prince Philip proved that true partnership has room for both ambition and selflessness — all in service of something greater. Our thoughts are with Her Majesty the Queen  the Royal Family  and the British people. https://t.co/qbH2ycbcaA
BarackObama,Barack Obama,2007-03-05 22:08:25,Washington  DC,https://twitter.com/BarackObama,democrat,budism,False,False,None,None,Dad  husband  President  citizen.,1379510006207381505,2021-04-06 19:03:10,The only way we’ll be able to beat this pandemic is if enough people get vaccinated. So join me  Michelle  and Americans everywhere in getting the COVID-19 vaccine as soon as it’s available to you—and encourage your friends and family to do the same. https://t.co/HSjb2DUl4u https://t.co/4CT0fyRHou
BarackObama,Barack Obama,2007-03-05 22:08:25,Washington  DC,https://twitter.com/BarackObama,democrat,budism,False,False,None,None,Dad  husband  President  citizen.,1379177193453019142,2021-04-05 21:00:41,Bruce @Springsteen and I close out our podcast  Renegades: Born in the USA  back where it all began: with a conversation about the story of America and how to restore faith in its promise. Listen to our final episode on Spotify. https://t.co/KWmDc2YBLv https://t.co/NkNHRvbwwi
BarackObama,Barack Obama,2007-03-05 22:08:25,Washington  DC,https://twitter.com/BarackObama,democrat,budism,False,False,None,None,Dad  husband  President  citizen.,1379090503132663821,2021-04-05 15:16:12,Read about other developments from communities working together to reimagine policing in our recent @MBK_Alliance report. https://t.co/kLBjeG9iPQ
BarackObama,Barack Obama,2007-03-05 22:08:25,Washington  DC,https://twitter.com/BarackObama,democrat,budism,False,False,None,None,Dad  husband  President  citizen.,1379090502058934272,2021-04-05 15:16:12,More places are experimenting with programs that send civilian responders instead of police to help people experiencing mental health crises. It’s a promising development in law enforcement in the wake of this summer’s protests. https://t.co/kMj3pTp0pU
BarackObama,Barack Obama,2007-03-05 22:08:25,Washington  DC,https://twitter.com/BarackObama,democrat,budism,False,False,None,None,Dad  husband  President  citizen.,1378716884732936202,2021-04-04 14:31:35,This Easter  I hope we can all take some time to reflect on the blessings we enjoy and the hope we have for a brighter future. From our family to yours  have a safe and happy Easter. https://t.co/hbTao0fIWd
BarackObama,Barack Obama,2007-03-05 22:08:25,Washington  DC,https://twitter.com/BarackObama,democrat,budism,False,False,None,None,Dad  husband  President  citizen.,1378331478380142593,2021-04-03 13:00:07,Congratulations to @MLB for taking a stand on behalf of voting rights for all citizens. There’s no better way for America’s pastime to honor the great Hank Aaron  who always led by example.
BarackObama,Barack Obama,2007-03-05 22:08:25,Washington  DC,https://twitter.com/BarackObama,democrat,budism,False,False,None,None,Dad  husband  President  citizen.,1376984440048660485,2021-03-30 19:47:28,It’s always great catching up with @IsabelWilkerson  and this time we’re talking about A Promised Land and our mutual love of books with @BNBuzz. Take a look: https://t.co/BFvUyPMYo2
BarackObama,Barack Obama,2007-03-05 22:08:25,Washington  DC,https://twitter.com/BarackObama,democrat,budism,False,False,None,None,Dad  husband  President  citizen.,1376913644873736199,2021-03-30 15:06:09,Bruce and I agree that our most important anchor over the years has been our families. We’re both lucky enough to have remarkable partners who ground us  and kids who help us understand what really matters in life. Listen to our conversation on @Spotify: https://t.co/Tdl0izWsup https://t.co/72IDp72Vn5
BarackObama,Barack Obama,2007-03-05 22:08:25,Washington  DC,https://twitter.com/BarackObama,democrat,budism,False,False,None,None,Dad  husband  President  citizen.,1376528504490196993,2021-03-29 13:35:44,My family and I are mourning the loss of our beloved grandmother  Sarah Ogwel Onyango Obama  affectionately known to many as “Mama Sarah” but known to us as “Dani” or Granny. We will miss her dearly  but we’ll celebrate with gratitude her long and remarkable life. https://t.co/avDY4f1PVu
BarackObama,Barack Obama,2007-03-05 22:08:25,Washington  DC,https://twitter.com/BarackObama,democrat,budism,False,False,None,None,Dad  husband  President  citizen.,1375462571436834818,2021-03-26 15:00:06,As we build the Obama Presidential Center on the South Side of Chicago  we're focused on generating sustainable jobs for the local community. Our new workforce initiative will open doors to those often left out of the construction industry. https://t.co/D5fAHFMdit
BarackObama,Barack Obama,2007-03-05 22:08:25,Washington  DC,https://twitter.com/BarackObama,democrat,budism,False,False,None,None,Dad  husband  President  citizen.,1374847649195700231,2021-03-24 22:16:37,Let’s be clear: This is a deliberate attempt to undermine our democracy by making it harder to vote. That’s why passing the For the People Act is so important  and why every one of us needs to keep up the fight. Our future depends on it. https://t.co/YwBib0JYZw
BarackObama,Barack Obama,2007-03-05 22:08:25,Washington  DC,https://twitter.com/BarackObama,democrat,budism,False,False,None,None,Dad  husband  President  citizen.,1374421101694963726,2021-03-23 18:01:40,Now we need to keep it up. Because until every single American has access to quality  affordable health care  we have more work to do—and I’m grateful to President Biden for continuing to lead the fight.
BarackObama,Barack Obama,2007-03-05 22:08:25,Washington  DC,https://twitter.com/BarackObama,democrat,budism,False,False,None,None,Dad  husband  President  citizen.,1374421099933397004,2021-03-23 18:01:40,The American Rescue Plan lowers premiums for millions of families  makes health insurance more affordable for low-and middle-income Americans  and provides incentives for states to expand Medicaid and cover as many as four million additional Americans.
BarackObama,Barack Obama,2007-03-05 22:08:25,Washington  DC,https://twitter.com/BarackObama,democrat,budism,False,False,None,None,Dad  husband  President  citizen.,1374421098696085511,2021-03-23 18:01:40,And now  thanks to the hard work of President Biden  Senator Schumer  Speaker Pelosi  and Americans all across the country who have spent years fighting against repeal and pushing to improve the law  our starter home is starting to look pretty spacious.
BarackObama,Barack Obama,2007-03-05 22:08:25,Washington  DC,https://twitter.com/BarackObama,democrat,budism,False,False,None,None,Dad  husband  President  citizen.,1374421097655848960,2021-03-23 18:01:39,But I’ve always said that the ACA is like a starter home—it’s our job to keep tinkering with it and improving it over time.
BarackObama,Barack Obama,2007-03-05 22:08:25,Washington  DC,https://twitter.com/BarackObama,democrat,budism,False,False,None,None,Dad  husband  President  citizen.,1374421094749278215,2021-03-23 18:01:39,The Affordable Care Act has helped 20 million Americans get coverage—and up to 130 million Americans can no longer be denied coverage because of a preexisting condition. It has been a lifeline for Americans who've lost their jobs and their health insurance during the pandemic.
BarackObama,Barack Obama,2007-03-05 22:08:25,Washington  DC,https://twitter.com/BarackObama,democrat,budism,False,False,None,None,Dad  husband  President  citizen.,1374421092236857359,2021-03-23 18:01:38,As part of the American Rescue Plan  @POTUS just signed the largest expansion of health care since the Affordable Care Act. It’s an example of how government is supposed to work  and exactly what I hoped would happen when I signed the ACA into law 11 years ago today. https://t.co/G7WUgYdxOp
BarackObama,Barack Obama,2007-03-05 22:08:25,Washington  DC,https://twitter.com/BarackObama,democrat,budism,False,False,None,None,Dad  husband  President  citizen.,1374393037619523597,2021-03-23 16:10:09,A once-in-a-century pandemic cannot be the only thing that slows mass shootings in this country. It’s time for leaders everywhere to listen to the American people when they say enough is enough. https://t.co/7MEJ87Is3E
BarackObama,Barack Obama,2007-03-05 22:08:25,Washington  DC,https://twitter.com/BarackObama,democrat,budism,False,False,None,None,Dad  husband  President  citizen.,1374046983736987655,2021-03-22 17:15:04,Join me  @ProtectOurCare  and health care advocates from across the country to discuss 11 years of the Affordable Care Act and the work we still need to do to make sure all Americans have access to quality  affordable health care. Watch now: https://t.co/Rae2yr8EjZ
BarackObama,Barack Obama,2007-03-05 22:08:25,Washington  DC,https://twitter.com/BarackObama,democrat,budism,False,False,None,None,Dad  husband  President  citizen.,1374022255739551744,2021-03-22 15:36:48,Bruce @Springsteen and I both had complicated relationships with our fathers. In our latest conversation on Renegades: Born in the USA  we discuss our upbringing  masculinity  and the role our fathers played in helping us become the men we are today. https://t.co/FNriJIUw3r https://t.co/tqGXS6SzMj
BarackObama,Barack Obama,2007-03-05 22:08:25,Washington  DC,https://twitter.com/BarackObama,democrat,budism,False,False,None,None,Dad  husband  President  citizen.,1372995534240235520,2021-03-19 19:36:59,11 years after the Affordable Care Act was passed  it’s getting even better. I’ll be having a conversation with @ProtectOurCare this Monday  March 22 at 1:15 PM ET and hope you’ll join: https://t.co/SpbyOP81Ky
BarackObama,Barack Obama,2007-03-05 22:08:25,Washington  DC,https://twitter.com/BarackObama,democrat,budism,False,False,None,None,Dad  husband  President  citizen.,1372956311294513160,2021-03-19 17:01:07,.@POTUS set a goal to deliver 100 million vaccine shots in 100 days. His administration hit the milestone in just 58. Let’s keep it going: Please get the vaccine as soon as it’s available to you. It’s the only way to beat this pandemic. https://t.co/uYmwRMMmYw
BarackObama,Barack Obama,2007-03-05 22:08:25,Washington  DC,https://twitter.com/BarackObama,democrat,budism,False,False,None,None,Dad  husband  President  citizen.,1372533275709820936,2021-03-18 13:00:08,Like many of you  I’m thrilled that #MarchMadness is finally back. You can check out my picks here: https://t.co/S5mlQofvAp https://t.co/xyePa9ux2y
BarackObama,Barack Obama,2007-03-05 22:08:25,Washington  DC,https://twitter.com/BarackObama,democrat,budism,False,False,None,None,Dad  husband  President  citizen.,1372191748554952714,2021-03-17 14:23:01,Michelle and I pray for the victims  their families  everyone grieving these needless and devastating killings—and we urge meaningful action that will save lives.
BarackObama,Barack Obama,2007-03-05 22:08:25,Washington  DC,https://twitter.com/BarackObama,democrat,budism,False,False,None,None,Dad  husband  President  citizen.,1372191747464396802,2021-03-17 14:23:01,Yesterday's shootings are another tragic reminder that we have far more work to do to put in place commonsense gun safety laws and root out the pervasive patterns of hatred and violence in our society.
BarackObama,Barack Obama,2007-03-05 22:08:25,Washington  DC,https://twitter.com/BarackObama,democrat,budism,False,False,None,None,Dad  husband  President  citizen.,1372191746583629827,2021-03-17 14:23:01,Even as we’ve battled the pandemic  we’ve continued to neglect the longer-lasting epidemic of gun violence in America. Although the shooter’s motive is not yet clear  the identity of the victims underscores an alarming rise in anti-Asian violence that must end.
BarackObama,Barack Obama,2007-03-05 22:08:25,Washington  DC,https://twitter.com/BarackObama,democrat,budism,False,False,None,None,Dad  husband  President  citizen.,1371568939042537473,2021-03-15 21:08:12,Congrats to directors @NicoleNewnham  @JimLeBrecht  and everyone with @CripCampFilm on the Oscar nomination! The heart  passion  and brilliance of those who led the disability rights movement is something to celebrate. Michelle and I hope you'll watch their story on Netflix.
BarackObama,Barack Obama,2007-03-05 22:08:25,Washington  DC,https://twitter.com/BarackObama,democrat,budism,False,False,None,None,Dad  husband  President  citizen.,1371525378645266435,2021-03-15 18:15:06,I could not be prouder of the @ChiPubSchools students I spoke with recently about A Promised Land. One of the reasons I wrote this book was for young people to be able to see themselves in my story—and I hope our conversation left them as inspired as it left me. https://t.co/Aov53IvX6l
BarackObama,Barack Obama,2007-03-05 22:08:25,Washington  DC,https://twitter.com/BarackObama,democrat,budism,False,False,None,None,Dad  husband  President  citizen.,1371491529127292930,2021-03-15 16:00:36,For the latest episode of our podcast  I talk to Bruce @Springsteen about my time as a community organizer and the influences that led to me pursuing a career in public service. Take a listen on Spotify: https://t.co/pxARdCUpFO https://t.co/l67AZEFuC5
BarackObama,Barack Obama,2007-03-05 22:08:25,Washington  DC,https://twitter.com/BarackObama,democrat,budism,False,False,None,None,Dad  husband  President  citizen.,1370472369102422028,2021-03-12 20:30:49,"When @POTUS was elected  he said help was on the way—and he delivered. The American Rescue Plan is landmark legislation that will ring through generations  lifting up families and beating back this pandemic. 
 
Here's how it will help people like you: https://t.co/EabnMBoXhy"
BarackObama,Barack Obama,2007-03-05 22:08:25,Washington  DC,https://twitter.com/BarackObama,democrat,budism,False,False,None,None,Dad  husband  President  citizen.,1370011662275723267,2021-03-11 14:00:08,Michelle and I got vaccinated against COVID-19 because we know it’s the best way to beat this pandemic  protect one another  and get the country back up and running again. So I hope you’ll get the vaccine as soon as it’s available to you. It could save your life. https://t.co/OJLwZbv0iz
BarackObama,Barack Obama,2007-03-05 22:08:25,Washington  DC,https://twitter.com/BarackObama,democrat,budism,False,False,None,None,Dad  husband  President  citizen.,1368995096444735489,2021-03-08 18:40:40,From my first cross-country road trip as a child to Bruce’s experience coming of age toward the end of the Vietnam War  @Springsteen and I each continue to reflect on moments from our upbringing that helped shape our view of America. Listen here: https://t.co/3vQxU2zQub https://t.co/BPwubQuBcv
BarackObama,Barack Obama,2007-03-05 22:08:25,Washington  DC,https://twitter.com/BarackObama,democrat,budism,False,False,None,None,Dad  husband  President  citizen.,1368592779446804481,2021-03-07 16:02:00,Fifty-six years after Bloody Sunday  our march is not yet over. There are more steps to be taken  more bridges to be crossed. And that’s why the Obama Presidential Center is designed to honor the giants who carried us and inspire the next generation to lead us forward. https://t.co/0ac3aWgCY0
BarackObama,Barack Obama,2007-03-05 22:08:25,Washington  DC,https://twitter.com/BarackObama,democrat,budism,False,False,None,None,Dad  husband  President  citizen.,1368287782272196614,2021-03-06 19:50:03,This is the kind of progress that’s possible when we elect leaders across government who are devoted to making people’s lives better—and a reminder of why it’s so important to vote.
BarackObama,Barack Obama,2007-03-05 22:08:25,Washington  DC,https://twitter.com/BarackObama,democrat,budism,False,False,None,None,Dad  husband  President  citizen.,1368287777100599309,2021-03-06 19:50:02,This landmark legislation will help families pay rent and put food on the table  lift millions of children out of poverty  make health care more affordable  aid small businesses  fund broad-based vaccination efforts  and make it easier for states to reopen schools.
BarackObama,Barack Obama,2007-03-05 22:08:25,Washington  DC,https://twitter.com/BarackObama,democrat,budism,False,False,None,None,Dad  husband  President  citizen.,1368287775468949513,2021-03-06 19:50:01,Elections matter—and we’re seeing why. Congratulations to the Biden Administration and to the American people on a COVID relief bill that will improve the lives of families across the country.
BarackObama,Barack Obama,2007-03-05 22:08:25,Washington  DC,https://twitter.com/BarackObama,democrat,budism,False,False,None,None,Dad  husband  President  citizen.,1367882853451759616,2021-03-05 17:01:00,.@BillGates' new book is an exceptionally clear and accessible primer on climate change. He's unblinking in the difficulty of meeting this challenge but maintains a cautious optimism that it can be met—and provides a framework for action that is both specific and workable. https://t.co/Ukms2M9iK5
BarackObama,Barack Obama,2007-03-05 22:08:25,Washington  DC,https://twitter.com/BarackObama,democrat,budism,False,False,None,None,Dad  husband  President  citizen.,1367580795360133124,2021-03-04 21:00:44,And as we rightly celebrate what Democrats accomplished in the 2020 election  it’s always worth analyzing those successes in depth—and looking at where we came up short—as we look toward future cycles. This interview includes some ideas worth considering: https://t.co/c75VpLwkgD
BarackObama,Barack Obama,2007-03-05 22:08:25,Washington  DC,https://twitter.com/BarackObama,democrat,budism,False,False,None,None,Dad  husband  President  citizen.,1367580793648926726,2021-03-04 21:00:44,The Biden administration’s commitment to democratic values at home and abroad couldn’t be more important—because democracy remains at risk around the world: https://t.co/hjDcY6ZtOv
BarackObama,Barack Obama,2007-03-05 22:08:25,Washington  DC,https://twitter.com/BarackObama,democrat,budism,False,False,None,None,Dad  husband  President  citizen.,1366878648544993281,2021-03-02 22:30:39,If you haven’t read Michelle’s memoir yet  I hope you do—especially if the young readers’ edition might resonate with you or someone you know. Becoming isn’t just a title—it’s a process we all go through  and Miche’s story brings that to life with real honesty and beauty. https://t.co/bO8Y0Kkelz
BarackObama,Barack Obama,2007-03-05 22:08:25,Washington  DC,https://twitter.com/BarackObama,democrat,budism,False,False,None,None,Dad  husband  President  citizen.,1366781626244599809,2021-03-02 16:05:07,Like so many others  Michelle and I benefited from Vernon Jordan's wise counsel and warm friendship—and deeply admired his tireless fight for civil rights. We hope the memory of his extraordinary presence and the legacy of his work bring comfort to Ann  Vickee  and his family. https://t.co/HBZfGUuyVl
BarackObama,Barack Obama,2007-03-05 22:08:25,Washington  DC,https://twitter.com/BarackObama,democrat,budism,False,False,None,None,Dad  husband  President  citizen.,1366418315787329542,2021-03-01 16:01:27,Music has always been an important part of my life  and I think it’s safe to say that the same is true for @Springsteen. In this episode  we talked about the songs that’ve made a difference for us—and Bruce even brought out the guitar. Listen on @Spotify: https://t.co/pUlY5kGQnZ https://t.co/vhMRZMgpnE
BarackObama,Barack Obama,2007-03-05 22:08:25,Washington  DC,https://twitter.com/BarackObama,democrat,budism,False,False,None,None,Dad  husband  President  citizen.,1365727953036967939,2021-02-27 18:18:12,To date  My Brother’s Keeper has touched thousands of lives  and these are just a few stories of the inspiring young men we’ve met. By joining the @MBK_Alliance  you can help us reach even more. https://t.co/ol1G5LLZ8n
BarackObama,Barack Obama,2007-03-05 22:08:25,Washington  DC,https://twitter.com/BarackObama,democrat,budism,False,False,None,None,Dad  husband  President  citizen.,1365727951250206732,2021-02-27 18:18:12,Today marks seven years since we launched My Brother’s Keeper to reduce barriers and expand opportunity for boys and young men of color. And it remains true that the only way our country lives up to its ideals is if our young people can reach their fullest potential. https://t.co/dOoOGPxnNv
BarackObama,Barack Obama,2007-03-05 22:08:25,Washington  DC,https://twitter.com/BarackObama,democrat,budism,False,False,None,None,Dad  husband  President  citizen.,1365417898408374274,2021-02-26 21:46:09,I first picked up Toni Morrison’s novels when I was entering college  and her voice fundamentally changed my perspective on the world. This Black History Month  I reflected on the impact that her writing has had on my life. https://t.co/zSLkfkHmET https://t.co/W6Yn1YYaSF
BarackObama,Barack Obama,2007-03-05 22:08:25,Washington  DC,https://twitter.com/BarackObama,democrat,budism,False,False,None,None,Dad  husband  President  citizen.,1365019501557858314,2021-02-25 19:23:04,It was great to hear from this impressive group of young leaders. If there's one thing we can bank on  it’s that young folks like these are our best hope for a more sustainable and just world. https://t.co/r3hzsgwgg3
BarackObama,Barack Obama,2007-03-05 22:08:25,Washington  DC,https://twitter.com/BarackObama,democrat,budism,False,False,None,None,Dad  husband  President  citizen.,1364659101658198024,2021-02-24 19:30:58,In each of us  there's a story to be shared—a story that’s sacred and can bring us together. I had such a good time talking with the @WellReadBlkGirl Book Club about A Promised Land because just as they learned about my story  I had a chance to learn from theirs. https://t.co/u6vAXUSK5s
BarackObama,Barack Obama,2007-03-05 22:08:25,Washington  DC,https://twitter.com/BarackObama,democrat,budism,False,False,None,None,Dad  husband  President  citizen.,1364598346128781317,2021-02-24 15:29:33,Even as we focus on fighting COVID-19  it’s important to recognize that there’s another pandemic raging right now—one that’s decades in the making and unique to the United States. We need to treat gun violence with the same urgency and resolve. https://t.co/3nD7uc194V
BarackObama,Barack Obama,2007-03-05 22:08:25,Washington  DC,https://twitter.com/BarackObama,democrat,budism,False,False,None,None,Dad  husband  President  citizen.,1364391500864499715,2021-02-24 01:47:37,Sending my prayers to @TigerWoods and his family tonight—here’s to a speedy recovery for the GOAT of golf. If we’ve learned anything over the years  it’s to never count Tiger out.
BarackObama,Barack Obama,2007-03-05 22:08:25,Washington  DC,https://twitter.com/BarackObama,democrat,budism,False,False,None,None,Dad  husband  President  citizen.,1363905910389805060,2021-02-22 17:38:03,Last year  I sat down with my good friend Bruce @Springsteen for a long and meaningful conversation that touched on so much of what we’re all dealing with these days. I’m excited to share it with you over the next few weeks: https://t.co/sQACD08AWx https://t.co/biMoxCLhAG
BarackObama,Barack Obama,2007-03-05 22:08:25,Washington  DC,https://twitter.com/BarackObama,democrat,budism,False,False,None,None,Dad  husband  President  citizen.,1363665518453006336,2021-02-22 01:42:49,For decades  John Lewis not only gave all of himself to the cause of freedom and justice  but inspired generations that followed to try to live up to his example. On his birthday  we honor his memory  and work toward continuing his legacy by creating change in our communities.
BarackObama,Barack Obama,2007-03-05 22:08:25,Washington  DC,https://twitter.com/BarackObama,democrat,budism,False,False,None,None,Dad  husband  President  citizen.,1362870605029212163,2021-02-19 21:04:07,I want to share this inspiring book about the events leading up to the 1960 election  from Dr. King's imprisonment to student activism in Atlanta to JFK's campaign. It's a story we can all learn from—a story of overlooked heroes and the power each of us has to create change. https://t.co/yIaNJpRq7M
BarackObama,Barack Obama,2007-03-05 22:08:25,Washington  DC,https://twitter.com/BarackObama,democrat,budism,False,False,None,None,Dad  husband  President  citizen.,1362535835682357254,2021-02-18 22:53:52,Congrats to @NASAJPL on landing @MarsPersevere today! Looking forward to seeing what this mission uncovers—and proud our administration invested in this effort eight years ago to help continue America’s rich tradition of exploration and discovery.
BarackObama,Barack Obama,2007-03-05 22:08:25,Washington  DC,https://twitter.com/BarackObama,democrat,budism,False,False,None,None,Dad  husband  President  citizen.,1362477653824004097,2021-02-18 19:02:40,I felt inspired and hopeful after speaking with students in @TheTellingRoom’s Young Writers &amp; Leaders program. I wrote #APromisedLand in part because I hoped to reach young people like those in this group—the unique voices of a new generation  energized and unafraid to dream big. https://t.co/LP1Ri8Epva
BarackObama,Barack Obama,2007-03-05 22:08:25,Washington  DC,https://twitter.com/BarackObama,democrat,budism,False,False,None,None,Dad  husband  President  citizen.,1362148679772237825,2021-02-17 21:15:27,Michelle and I are thinking of everyone across the country braving the winter storms this week. Here’s an overview of how you can help—or  if you’re in Texas  where you can go to stay warm or get support. https://t.co/zDnLrjOZ5i
BarackObama,Barack Obama,2007-03-05 22:08:25,Washington  DC,https://twitter.com/BarackObama,democrat,budism,False,False,None,None,Dad  husband  President  citizen.,1361423349495328773,2021-02-15 21:13:15,Great news: Thanks to President Biden  starting today  you can go to https://t.co/ob1Ynoesod to sign up for health insurance. If you’re uninsured or hoping to change plans  here’s a good article that can help you figure out if you’re eligible. https://t.co/E2hibv2vRH
BarackObama,Barack Obama,2007-03-05 22:08:25,Washington  DC,https://twitter.com/BarackObama,democrat,budism,False,False,None,None,Dad  husband  President  citizen.,1360952254627520512,2021-02-14 14:01:17,Happy Valentine’s Day to the three who never fail to make me smile. Your dazzling light makes everything brighter. https://t.co/fMcdwf2j20
BarackObama,Barack Obama,2007-03-05 22:08:25,Washington  DC,https://twitter.com/BarackObama,democrat,budism,False,False,None,None,Dad  husband  President  citizen.,1360288086899515393,2021-02-12 18:02:07,During our time in the White House  Michelle and I were proud to display artwork from artists like Alma Thomas and Charles Alston—whose work provoked thought  challenged our assumptions  and shaped how we define our narrative as a country. https://t.co/eDd76kmlc1
BarackObama,Barack Obama,2007-03-05 22:08:25,Washington  DC,https://twitter.com/BarackObama,democrat,budism,False,False,None,None,Dad  husband  President  citizen.,1359177932699291650,2021-02-09 16:30:46,"There is a lot of disinformation out there  but here’s the truth: You should get a COVID vaccine as soon as it's available to you. It could save your life—or a loved one’s.
https://t.co/jfRr8es6gW"
BarackObama,Barack Obama,2007-03-05 22:08:25,Washington  DC,https://twitter.com/BarackObama,democrat,budism,False,False,None,None,Dad  husband  President  citizen.,1357743471885484032,2021-02-05 17:30:44,Climate change is a real threat to us all—but feeling helpless or overwhelmed isn’t going to solve it. As long as we stay hopeful and keep working with the urgency the challenge demands  we can make a difference. https://t.co/AK1fYVdmzy
BarackObama,Barack Obama,2007-03-05 22:08:25,Washington  DC,https://twitter.com/BarackObama,democrat,budism,False,False,None,None,Dad  husband  President  citizen.,1357064085754511361,2021-02-03 20:31:05,"I’m proud to announce that the Obama Presidential Center will officially break ground in 2021. Our hope is that the center will breathe new life into historic Jackson Park while delivering jobs  growth  and much more to the South Side.

Let’s get to work. https://t.co/cOqoPmaLkf"
BarackObama,Barack Obama,2007-03-05 22:08:25,Washington  DC,https://twitter.com/BarackObama,democrat,budism,False,False,None,None,Dad  husband  President  citizen.,1356598745241161728,2021-02-02 13:41:59,Black-owned independent bookstores play a critical role in communities all across our country. I wanted to show my support  so I dropped in to surprise the folks from @MahoganyBooks &amp; the Very Smart Brothas Book Club. Take a look. https://t.co/sQdc8xY6xY
BarackObama,Barack Obama,2007-03-05 22:08:25,Washington  DC,https://twitter.com/BarackObama,democrat,budism,False,False,None,None,Dad  husband  President  citizen.,1355908844615061508,2021-01-31 16:00:34,When Jackie Robinson faced down slurs  spiked cleats  and pitches aimed at his head—and stole home anyway—he didn't only change baseball. He changed the world and paved the way for others  including me. On his birthday  we’re called not only to honor that legacy but build on it. https://t.co/d2KDDZNWEN
BarackObama,Barack Obama,2007-03-05 22:08:25,Washington  DC,https://twitter.com/BarackObama,democrat,budism,False,False,None,None,Dad  husband  President  citizen.,1355003969911857153,2021-01-29 04:04:55,In her extraordinary career  Cicely Tyson was one of the rare award-winning actors whose work on the screen was surpassed only by what she was able to accomplish off of it. She had a heart unlike any other—and for 96 years  she left a mark on the world that few will ever match. https://t.co/JRsL3zlKtP
BarackObama,Barack Obama,2007-03-05 22:08:25,Washington  DC,https://twitter.com/BarackObama,democrat,budism,False,False,None,None,Dad  husband  President  citizen.,1354554094673920002,2021-01-27 22:17:17,.@EkpeUdoh—I saw your tweet about A Promised Land and thought I’d respond. For me  the title of my book is about the work we need to do to realize the promise of becoming a more perfect union  even if we don’t get there in our lifetimes. Glad to see your book club is reading it! https://t.co/aVRMxwt5JH https://t.co/Uz3LMAWD2z
BarackObama,Barack Obama,2007-03-05 22:08:25,Washington  DC,https://twitter.com/BarackObama,democrat,budism,False,False,None,None,Dad  husband  President  citizen.,1354074402435059712,2021-01-26 14:31:09,"Here’s an example of the incredible risks and burdens that our essential workers have been facing. And even as we move toward vaccinating our population  we all need to remain vigilant until we’ve beaten this pandemic.
https://t.co/SKhioxW0Mp"
BarackObama,Barack Obama,2007-03-05 22:08:25,Washington  DC,https://twitter.com/BarackObama,democrat,budism,False,False,None,None,Dad  husband  President  citizen.,1352692708448595968,2021-01-22 19:00:48,Hank Aaron was one of the best baseball players we’ve ever seen and one of the strongest people I’ve ever met. Michelle and I send our thoughts and prayers to the Aaron family and everyone who was inspired by this unassuming man and his towering example. https://t.co/2RZdc82Y18
BarackObama,Barack Obama,2007-03-05 22:08:25,Washington  DC,https://twitter.com/BarackObama,democrat,budism,False,False,None,None,Dad  husband  President  citizen.,1352388858227384322,2021-01-21 22:53:24,"This is a time for boldness and President Biden is already delivering.

By rejoining the Paris climate accords on day one  he declared loudly and clearly that the U.S. will once again lead the fight against climate change.

And this is only the beginning. 
https://t.co/6cSS49lkyx"
BarackObama,Barack Obama,2007-03-05 22:08:25,Washington  DC,https://twitter.com/BarackObama,democrat,budism,False,False,None,None,Dad  husband  President  citizen.,1352092714599391233,2021-01-21 03:16:38,"Today was a good day.

And it was only possible because of you. Because you made calls. Because you marched. Because you wore your masks and voted like never before.

For four years  you defended our democracy with everything you had—and now  our country can enter a new day. https://t.co/JicHOQCIxt"
BarackObama,Barack Obama,2007-03-05 22:08:25,Washington  DC,https://twitter.com/BarackObama,democrat,budism,False,False,None,None,Dad  husband  President  citizen.,1351995663475728386,2021-01-20 20:50:59,"On a day for the history books  @TheAmandaGorman delivered a poem that more than met the moment. Young people like her are proof that ""there is always light  if only we're brave enough to see it; if only we're brave enough to be it."" https://t.co/mbywtvjtEH"
BarackObama,Barack Obama,2007-03-05 22:08:25,Washington  DC,https://twitter.com/BarackObama,democrat,budism,False,False,None,None,Dad  husband  President  citizen.,1351903613237547010,2021-01-20 14:45:13,Congratulations to my friend  President @JoeBiden! This is your time. https://t.co/LXzxGnBAfz
BarackObama,Barack Obama,2007-03-05 22:08:25,Washington  DC,https://twitter.com/BarackObama,democrat,budism,False,False,None,None,Dad  husband  President  citizen.,1351175958229880843,2021-01-18 14:33:46,On #MLKDay  we celebrate his life but we’re also called to live out his values through service of our own. Here are some ways you can get involved in your community: https://t.co/r9IGEW5dpD
BarackObama,Barack Obama,2007-03-05 22:08:25,Washington  DC,https://twitter.com/BarackObama,democrat,budism,False,False,None,None,Dad  husband  President  citizen.,1351175956992548870,2021-01-18 14:33:46,If anyone had a right to question whether our democracy was worth redeeming  it was Dr. Martin Luther King  Jr. Because in the face of billy clubs and lynchings  poll taxes and literacy tests  he never gave in to violence  never waved a traitorous flag or gave up on our country. https://t.co/TCmbuiXkUa
BarackObama,Barack Obama,2007-03-05 22:08:25,Washington  DC,https://twitter.com/BarackObama,democrat,budism,False,False,None,None,Dad  husband  President  citizen.,1350805241038561282,2021-01-17 14:00:40,Happy birthday to my love  my partner  and my best friend. Every moment with you is a blessing. Love you  Miche. https://t.co/BrtH0vwKk4
BarackObama,Barack Obama,2007-03-05 22:08:25,Washington  DC,https://twitter.com/BarackObama,democrat,budism,False,False,None,None,Dad  husband  President  citizen.,1347608259822297088,2021-01-08 18:17:01,"And here’s a look back at the response to last summer’s Black Lives Matter protests.

https://t.co/IYTfawbWe5"
BarackObama,Barack Obama,2007-03-05 22:08:25,Washington  DC,https://twitter.com/BarackObama,democrat,budism,False,False,None,None,Dad  husband  President  citizen.,1347608258350116865,2021-01-08 18:17:00,"And here’s one that is more anecdotal.

https://t.co/Qzpw8mCi39"
BarackObama,Barack Obama,2007-03-05 22:08:25,Washington  DC,https://twitter.com/BarackObama,democrat,budism,False,False,None,None,Dad  husband  President  citizen.,1347608257049800707,2021-01-08 18:17:00,"For those who are wondering why so much attention has been focused on the response of the Capitol Police to the Trump-inspired riots  here’s a data-driven article that provides some useful frame of reference. 

https://t.co/MAdlWGRd23"
BarackObama,Barack Obama,2007-03-05 22:08:25,Washington  DC,https://twitter.com/BarackObama,democrat,budism,False,False,None,None,Dad  husband  President  citizen.,1346983894298595330,2021-01-07 00:56:00,Here’s my statement on today’s violence at the Capitol. https://t.co/jLCKo2D1Ya
BarackObama,Barack Obama,2007-03-05 22:08:25,Washington  DC,https://twitter.com/BarackObama,democrat,budism,False,False,None,None,Dad  husband  President  citizen.,1346883245447778306,2021-01-06 18:16:04,My friend John Lewis is surely smiling down on his beloved Georgia this morning  as people across the state carried forward the baton that he and so many others passed down to them. https://t.co/CgVEP4Ilt8
BarackObama,Barack Obama,2007-03-05 22:08:25,Washington  DC,https://twitter.com/BarackObama,democrat,budism,False,False,None,None,Dad  husband  President  citizen.,1346586029831106562,2021-01-05 22:35:02,Georgia voters—If you're in line before the polls close at 7 pm  stay there. You have the right to vote  no matter how long it takes. If you have questions  call the Georgia voter protection hotline at 1-888-730-5816. Let's bring this home.
BarackObama,Barack Obama,2007-03-05 22:08:25,Washington  DC,https://twitter.com/BarackObama,democrat,budism,False,False,None,None,Dad  husband  President  citizen.,1346581360010473472,2021-01-05 22:16:29,Great to see you out there  Tyriek. First-time voters are making a difference today! https://t.co/RTgI9LKwZh
BarackObama,Barack Obama,2007-03-05 22:08:25,Washington  DC,https://twitter.com/BarackObama,democrat,budism,False,False,None,None,Dad  husband  President  citizen.,1346577729957855232,2021-01-05 22:02:03,Thanks for voting  Emily—and thanks even more for committing to stay involved after today. Your state and your country need you! https://t.co/abDwE67JtC
BarackObama,Barack Obama,2007-03-05 22:08:25,Washington  DC,https://twitter.com/BarackObama,democrat,budism,False,False,None,None,Dad  husband  President  citizen.,1346472921166794752,2021-01-05 15:05:35,If you have questions or run into any issues at your polling location  call the Georgia voter protection hotline at 1-888-730-5816. https://t.co/HSghgIj0g5
BarackObama,Barack Obama,2007-03-05 22:08:25,Washington  DC,https://twitter.com/BarackObama,democrat,budism,False,False,None,None,Dad  husband  President  citizen.,1346472919354937345,2021-01-05 15:05:34,"Georgia  this is it. Today is Election Day and your vote can help elect @ReverendWarnock and Jon @Ossoff to the U.S. Senate.

Make your voice heard today and vote—either in person or by dropping off your mail-in ballot at a ballot drop box. https://t.co/M5rEabPPOg"
BarackObama,Barack Obama,2007-03-05 22:08:25,Washington  DC,https://twitter.com/BarackObama,democrat,budism,False,False,None,None,Dad  husband  President  citizen.,1346147427426959362,2021-01-04 17:32:11,For those looking for ways to help @ReverendWarnock and Jon @Ossoff get elected  you can find opportunities to volunteer from anywhere at https://t.co/NAHvLC1ET9.
BarackObama,Barack Obama,2007-03-05 22:08:25,Washington  DC,https://twitter.com/BarackObama,democrat,budism,False,False,None,None,Dad  husband  President  citizen.,1346147425858289665,2021-01-04 17:32:11,If you’re a Georgia voter  you can respond tomorrow with the most powerful tool we have as Americans—your vote. Make a plan to vote in person or drop off your mail-in-ballot at a ballot drop box. Check-in with your family and friends to do the same. https://t.co/HSghgIABEF
BarackObama,Barack Obama,2007-03-05 22:08:25,Washington  DC,https://twitter.com/BarackObama,democrat,budism,False,False,None,None,Dad  husband  President  citizen.,1346147424839065604,2021-01-04 17:32:10,Tomorrow is Election Day in Georgia and the stakes could not be higher. We’re seeing how far some will go to retain power and threaten the fundamental principles of our democracy. But our democracy isn’t about any individual  even a president—it’s about you.
BarackObama,Barack Obama,2007-03-05 22:08:25,Washington  DC,https://twitter.com/BarackObama,democrat,budism,False,False,None,None,Dad  husband  President  citizen.,1345430228684791808,2021-01-02 18:02:18,"Georgia  you voted in record numbers to send @JoeBiden and @KamalaHarris to the White House.

Now we need you to show up again to vote @ReverendWarnock and Jon @Ossoff to the U.S. Senate. Make your plan to vote on Tuesday  January 5 at https://t.co/HSghgIj0g5. https://t.co/s7ZBPuC6lp"
BarackObama,Barack Obama,2007-03-05 22:08:25,Washington  DC,https://twitter.com/BarackObama,democrat,budism,False,False,None,None,Dad  husband  President  citizen.,1345073746441351169,2021-01-01 18:25:46,"And here’s a story that reminds us of the power of fresh starts  community  and the good that’s in all of us  across the country and around the world.
https://t.co/zsahLYiZPT"
BarackObama,Barack Obama,2007-03-05 22:08:25,Washington  DC,https://twitter.com/BarackObama,democrat,budism,False,False,None,None,Dad  husband  President  citizen.,1345073745623453697,2021-01-01 18:25:45,After a year that has tested us in unimaginable ways  we've seen how people from all walks of life have stepped up to create change to make things better. Here's to ringing in 2021 with optimism for what's to come and a belief that our best days are still ahead. Happy New Year!
BarackObama,Barack Obama,2007-03-05 22:08:25,Washington  DC,https://twitter.com/BarackObama,democrat,budism,False,False,None,None,Dad  husband  President  citizen.,1343998209157443585,2020-12-29 19:11:57,"We’re just one week away from the U.S. Senate runoff elections in Georgia. 

If you’re in Georgia  make a plan to vote early if you can and reach out to your friends and family to make sure they do the same. https://t.co/HSghgIABEF"
BarackObama,Barack Obama,2007-03-05 22:08:25,Washington  DC,https://twitter.com/BarackObama,democrat,budism,False,False,None,None,Dad  husband  President  citizen.,1343967560048521219,2020-12-29 17:10:10,"The redistricting process in 2021 will be a snapshot of democracy in action  and @allontheline is working to ensure everyone has a voice. We’ve accomplished a lot together this year  but there's still so much work to do.
 
Join us: https://t.co/ZEKRnODaR4 https://t.co/LbIDuICyXa"
BarackObama,Barack Obama,2007-03-05 22:08:25,Washington  DC,https://twitter.com/BarackObama,democrat,budism,False,False,None,None,Dad  husband  President  citizen.,1342259178711216128,2020-12-25 00:01:40,This Christmas looks different for all of us. As we spend time with those we love—in person or virtually—let us celebrate the blessings we cherish  embrace the spirit of giving  and look out for one another. From my family to yours  Merry Christmas! https://t.co/rhKouyDrI9
BarackObama,Barack Obama,2007-03-05 22:08:25,Washington  DC,https://twitter.com/BarackObama,democrat,budism,False,False,None,None,Dad  husband  President  citizen.,1341451483993260034,2020-12-22 18:32:11,It’s unconscionable that there are families worried over the holidays that they’ll be evicted next month. Extending the eviction moratorium was a start  but Congress has to do more to help folks who can’t pay rent because of COVID-related unemployment. https://t.co/mW5HO9sNhc
BarackObama,Barack Obama,2007-03-05 22:08:25,Washington  DC,https://twitter.com/BarackObama,democrat,budism,False,False,None,None,Dad  husband  President  citizen.,1341149075492794374,2020-12-21 22:30:31,With COVID cases surging worse than ever  getting vaccinated is one of the most important things we can do. But until the vaccine is widely available  socially distancing and wearing masks will actually save even more lives  and alleviate the pressure on healthcare workers.
BarackObama,Barack Obama,2007-03-05 22:08:25,Washington  DC,https://twitter.com/BarackObama,democrat,budism,False,False,None,None,Dad  husband  President  citizen.,1340386687898312706,2020-12-19 20:01:04,Here are some of my favorite songs of the year. As usual  I had some valuable consultation from our family music guru  Sasha  to put this together. I hope you find a new song or two to listen to. https://t.co/K1NRPYiSg4
BarackObama,Barack Obama,2007-03-05 22:08:25,Washington  DC,https://twitter.com/BarackObama,democrat,budism,False,False,None,None,Dad  husband  President  citizen.,1339933912928235522,2020-12-18 14:01:54,Like everyone else  we were stuck inside a lot this year  and with streaming further blurring the lines between theatrical movies and television features  I’ve expanded the list to include visual storytelling that I’ve enjoyed this year  regardless of format. https://t.co/a8BS8jDkSs
BarackObama,Barack Obama,2007-03-05 22:08:25,Washington  DC,https://twitter.com/BarackObama,democrat,budism,False,False,None,None,Dad  husband  President  citizen.,1339707405932896256,2020-12-17 23:01:50,From Willie Mays to Mamie Johnson  the players and teams in the Negro Leagues changed the game of baseball and paved the way for so many today. Glad to see the @MLB officially recognize them as major leaguers. https://t.co/oDd4AOtnlz
BarackObama,Barack Obama,2007-03-05 22:08:25,Washington  DC,https://twitter.com/BarackObama,democrat,budism,False,False,None,None,Dad  husband  President  citizen.,1339631669104570370,2020-12-17 18:00:53,As 2020 comes to a close  I wanted to share my annual lists of favorites. I’ll start by sharing my favorite books this year  deliberately omitting what I think is a pretty good book – A Promised Land – by a certain 44th president. I hope you enjoy reading these as much as I did. https://t.co/UHk4RA9dow
BarackObama,Barack Obama,2007-03-05 22:08:25,Washington  DC,https://twitter.com/BarackObama,democrat,budism,False,False,None,None,Dad  husband  President  citizen.,1339265635415633921,2020-12-16 17:46:24,I had some fun answering questions about #APromisedLand for BookTube. I talked to creators about everything from fatherhood  to celebrating science at the White House  to the role strong women played in my life. You can watch the full episode on @YouTube: https://t.co/yCydcrqVW4 https://t.co/VLOBfnjc2z
BarackObama,Barack Obama,2007-03-05 22:08:25,Washington  DC,https://twitter.com/BarackObama,democrat,budism,False,False,None,None,Dad  husband  President  citizen.,1338612721600884736,2020-12-14 22:31:57,There’s just one day left to sign up for heath care during open enrollment. If you or someone you know needs coverage  head to https://t.co/ob1Ynoesod right now to sign up for an affordable plan that works for you and your family.
BarackObama,Barack Obama,2007-03-05 22:08:25,Washington  DC,https://twitter.com/BarackObama,democrat,budism,False,False,None,None,Dad  husband  President  citizen.,1338592362499616771,2020-12-14 21:11:03,Georgians  today is the first day of early voting – make a plan to vote right now and vote early if you can. Then  make sure your friends and family in Georgia do the same. https://t.co/nylmAnqEbf
BarackObama,Barack Obama,2007-03-05 22:08:25,Washington  DC,https://twitter.com/BarackObama,democrat,budism,False,False,None,None,Dad  husband  President  citizen.,1338213954250809345,2020-12-13 20:07:24,Georgia’s runoff election will determine whether the American people have a Senate that’s actually fighting for them. You can get involved right now—make calls  chip in  and do whatever you can to help elect @ReverendWarnock and @Ossoff: https://t.co/NAHvLC1ET9
BarackObama,Barack Obama,2007-03-05 22:08:25,Washington  DC,https://twitter.com/BarackObama,democrat,budism,False,False,None,None,Dad  husband  President  citizen.,1337509978454810626,2020-12-11 21:30:03,Here’s a great way to call voters in Georgia and help them get ready to vote. A couple hours this weekend could help Democrats win the Senate. https://t.co/ITmV9vfQiW
BarackObama,Barack Obama,2007-03-05 22:08:25,Washington  DC,https://twitter.com/BarackObama,democrat,budism,False,False,None,None,Dad  husband  President  citizen.,1337140440169123846,2020-12-10 21:01:38,Happy Hanukkah to all those celebrating around the world. This year has tested us all  but it's also clarified what really matters. May the lights of the menorah remind us to cherish the blessings we have and offer glimmers of hope. From my family to yours  Chag Sameach!
BarackObama,Barack Obama,2007-03-05 22:08:25,Washington  DC,https://twitter.com/BarackObama,democrat,budism,False,False,None,None,Dad  husband  President  citizen.,1336679633769680898,2020-12-09 14:30:33,In A Promised Land  I talk about the decisions I had to make during the first few years of my presidency. Here are some thoughts on how I approach tough questions: https://t.co/GFumGnNPln
BarackObama,Barack Obama,2007-03-05 22:08:25,Washington  DC,https://twitter.com/BarackObama,democrat,budism,False,False,None,None,Dad  husband  President  citizen.,1336370071917240321,2020-12-08 18:00:28,With COVID-19 cases reaching an all-time high this week  we've got to continue to do our part to protect one another. This pandemic is far from over and your actions can help save lives. https://t.co/XJ4dbsCihB
BarackObama,Barack Obama,2007-03-05 22:08:25,Washington  DC,https://twitter.com/BarackObama,democrat,budism,False,False,None,None,Dad  husband  President  citizen.,1335954913344565258,2020-12-07 14:30:46,To all of you in Georgia  today is the last day to register to vote in the upcoming runoff election. Take a few minutes right now to register to vote  and then make sure everybody you know is registered  too. https://t.co/2Ob571igh3 https://t.co/SslnFSWMfi
BarackObama,Barack Obama,2007-03-05 22:08:25,Washington  DC,https://twitter.com/BarackObama,democrat,budism,False,False,None,None,Dad  husband  President  citizen.,1334935534809083904,2020-12-04 19:00:08,Thanks for sharing Marjon. I hope you get something out of A Promised Land – keep up the good work! https://t.co/61xocjGFB5
BarackObama,Barack Obama,2007-03-05 22:08:25,Washington  DC,https://twitter.com/BarackObama,democrat,budism,False,False,None,None,Dad  husband  President  citizen.,1334928550227550209,2020-12-04 18:32:22,Glad to see A Promised Land in such good company. https://t.co/u9TJ83ZPyn
BarackObama,Barack Obama,2007-03-05 22:08:25,Washington  DC,https://twitter.com/BarackObama,democrat,budism,False,False,None,None,Dad  husband  President  citizen.,1334614947335180289,2020-12-03 21:46:14,If you're in Georgia  make sure you and everybody you know is registered to vote by Monday  December 7. And if you turn 18 by January 5  you're eligible to vote in the runoff. Get registered right now: https://t.co/cb19SHEChF
BarackObama,Barack Obama,2007-03-05 22:08:25,Washington  DC,https://twitter.com/BarackObama,democrat,budism,False,False,None,None,Dad  husband  President  citizen.,1334614943379968003,2020-12-03 21:46:13,Join me for a conversation with the next U.S. Senators from Georgia  @ReverendWarnock and @Ossoff  along with @StaceyAbrams and @NikemaWilliams. The stakes couldn’t be higher for their runoffs: https://t.co/4fHxACdIge https://t.co/ahVWcgKgw5
BarackObama,Barack Obama,2007-03-05 22:08:25,Washington  DC,https://twitter.com/BarackObama,democrat,budism,False,False,None,None,Dad  husband  President  citizen.,1333833279775141888,2020-12-01 18:00:09,"We started the @ObamaFoundation to help a new generation build a better tomorrow. And many of them already are  stepping up through the pandemic and protests to demand real change.

On Giving Tuesday  I'm asking you to invest in them: https://t.co/EmEqSufrBP https://t.co/DqXKqypaU7"
BarackObama,Barack Obama,2007-03-05 22:08:25,Washington  DC,https://twitter.com/BarackObama,democrat,budism,False,False,None,None,Dad  husband  President  citizen.,1331681995857022987,2020-11-25 19:31:43,Let’s all do our part this Thanksgiving to keep people safe and healthy. Celebrate virtually  if you can. Wear a mask. And as always  listen to the experts. The choices you make could save lives.
BarackObama,Barack Obama,2007-03-05 22:08:25,Washington  DC,https://twitter.com/BarackObama,democrat,budism,False,False,None,None,Dad  husband  President  citizen.,1330953347558494213,2020-11-23 19:16:20,The balance of power in the Senate is at stake in Georgia’s runoff election. We’ve got two great candidates—@ReverendWarnock and @Ossoff—who need your support. Go to https://t.co/7UIqLaotAM to find ways to get involved.
BarackObama,Barack Obama,2007-03-05 22:08:25,Washington  DC,https://twitter.com/BarackObama,democrat,budism,False,False,None,None,Dad  husband  President  citizen.,1329831998400114690,2020-11-20 17:00:30,Michelle and I are eager to bring the Obama Presidential Center to our hometown—a way to honor the city we love  all those who came before us  and pay tribute to people coming together to do extraordinary things. https://t.co/swMRHuB5Y4 https://t.co/gV9g3Oejux
BarackObama,Barack Obama,2007-03-05 22:08:25,Washington  DC,https://twitter.com/BarackObama,democrat,budism,False,False,None,None,Dad  husband  President  citizen.,1329447407105486849,2020-11-19 15:32:16,This was fun. I heard Tim and Fred were listening to some of the songs on my A Promised Land playlist  so I decided to drop in and surprise them. We talked about a lot  from Bob Dylan to old-school mixtapes to the role music played in my memoir. https://t.co/8A0cuVNHZI https://t.co/rQwW8r0wBX
BarackObama,Barack Obama,2007-03-05 22:08:25,Washington  DC,https://twitter.com/BarackObama,democrat,budism,False,False,None,None,Dad  husband  President  citizen.,1328684558166986755,2020-11-17 13:00:59,My memoir  A Promised Land  is out today. I hope you’ll read it. My goal was to give you some insight into the events and people that shaped me during the early years of my presidency. Most of all  I hope it inspires you to see yourself playing a role in shaping a better world. https://t.co/hdZysCpCN9
BarackObama,Barack Obama,2007-03-05 22:08:25,Washington  DC,https://twitter.com/BarackObama,democrat,budism,False,False,None,None,Dad  husband  President  citizen.,1328458351869644806,2020-11-16 22:02:07,Music has always played an important role in my life—and that was especially true during my presidency. In honor of my book hitting shelves tomorrow  I put together this playlist featuring some memorable songs from my administration. Hope you enjoy it. https://t.co/xWiNQiZzN0
BarackObama,Barack Obama,2007-03-05 22:08:25,Washington  DC,https://twitter.com/BarackObama,democrat,budism,False,False,None,None,Dad  husband  President  citizen.,1326993403268259840,2020-11-12 21:00:56,More than anyone else  I wrote my book for young people—as an invitation to once again remake the world  and to bring about  through hard work  determination  and a big dose of imagination  an America that finally aligns with all that is best in us. https://t.co/1yZrYWuckX
BarackObama,Barack Obama,2007-03-05 22:08:25,Washington  DC,https://twitter.com/BarackObama,democrat,budism,False,False,None,None,Dad  husband  President  citizen.,1326555766866780161,2020-11-11 16:01:55,Today  we’re reminded of our solemn obligation: to serve our veterans as well as they have served us. To all of our veterans and service members  we’re forever grateful for your commitment to our country—and your willingness to put it all on the line for us. Thank you.
BarackObama,Barack Obama,2007-03-05 22:08:25,Washington  DC,https://twitter.com/BarackObama,democrat,budism,False,False,None,None,Dad  husband  President  citizen.,1325136780396437507,2020-11-07 18:03:22,Congratulations to my friends  @JoeBiden and @KamalaHarris — our next President and Vice President of the United States. https://t.co/febgqxUi1y
BarackObama,Barack Obama,2007-03-05 22:08:25,Washington  DC,https://twitter.com/BarackObama,democrat,budism,False,False,None,None,Dad  husband  President  citizen.,1323781320678531077,2020-11-04 00:17:16,Thank you Chiney  Nneka  and all of the athletes who are using their platforms and helping people vote in this election. https://t.co/LQbtP53U1C
BarackObama,Barack Obama,2007-03-05 22:08:25,Washington  DC,https://twitter.com/BarackObama,democrat,budism,False,False,None,None,Dad  husband  President  citizen.,1323777143566934020,2020-11-04 00:00:40,Rahul  you're helping make democracy work today. Thank you. https://t.co/wOtcgc8zHh
BarackObama,Barack Obama,2007-03-05 22:08:25,Washington  DC,https://twitter.com/BarackObama,democrat,budism,False,False,None,None,Dad  husband  President  citizen.,1323770228191465472,2020-11-03 23:33:11,There's a reason some folks are trying to make it hard for you to vote: They know that if you do  things change. And that's why the answer isn't to stay at home. It's to turn out like never before and show them what this country stands for.
BarackObama,Barack Obama,2007-03-05 22:08:25,Washington  DC,https://twitter.com/BarackObama,democrat,budism,False,False,None,None,Dad  husband  President  citizen.,1323770226555703296,2020-11-03 23:33:11,If you are in line to vote before polls close  you have the right to vote. Stay in line for as long as it takes. If you have any questions  call the voter hotline at 833-336-8683. We’ve got this. https://t.co/XdZz4dh82T https://t.co/hNeagHMtzD
BarackObama,Barack Obama,2007-03-05 22:08:25,Washington  DC,https://twitter.com/BarackObama,democrat,budism,False,False,None,None,Dad  husband  President  citizen.,1323726205993033728,2020-11-03 20:38:15,This Election Day  everything is on the line. Our jobs. Our health care. Whether or not we get this pandemic under control. But here’s the good news: today  you can choose change. You can elect @JoeBiden and @KamalaHarris. Let’s win this thing. https://t.co/rvW2uOknpl
BarackObama,Barack Obama,2007-03-05 22:08:25,Washington  DC,https://twitter.com/BarackObama,democrat,budism,False,False,None,None,Dad  husband  President  citizen.,1323703138529009669,2020-11-03 19:06:36,This is it –– today is the last day to vote. If you haven't already  find your polling place at https://t.co/mKUaPPw7MV. https://t.co/8HIbgpKxwl
BarackObama,Barack Obama,2007-03-05 22:08:25,Washington  DC,https://twitter.com/BarackObama,democrat,budism,False,False,None,None,Dad  husband  President  citizen.,1323687618526269442,2020-11-03 18:04:55,For eight years  Joe was the last one in the room whenever I faced a big decision. He made me a better president. And today  we have the chance to elect Joe and Kamala to build our country back better. But it’s going to take every single one of us. Vote: https://t.co/XdZz4dh82T https://t.co/Tg95bMztqT
BarackObama,Barack Obama,2007-03-05 22:08:25,Washington  DC,https://twitter.com/BarackObama,democrat,budism,False,False,None,None,Dad  husband  President  citizen.,1323626668842459136,2020-11-03 14:02:44,"More than 100 million Americans have already cast a ballot in this election. Joel  Monica  and Andrés are three of them — and I got to FaceTime with them before they voted. 

Join them and get out there and vote today. https://t.co/ld7DAdYPYU"
BarackObama,Barack Obama,2007-03-05 22:08:25,Washington  DC,https://twitter.com/BarackObama,democrat,budism,False,False,None,None,Dad  husband  President  citizen.,1323455502874005505,2020-11-03 02:42:35,Our administration literally left this White House a playbook that would have shown them how to respond before COVID-19 reached our shores. Joe and I revisited it recently. Take a look — and then vote for a leader who will get this virus under control. https://t.co/IMukUCdgl8
BarackObama,Barack Obama,2007-03-05 22:08:25,Washington  DC,https://twitter.com/BarackObama,democrat,budism,False,False,None,None,Dad  husband  President  citizen.,1323394517941321730,2020-11-02 22:40:15,On Tuesday  you can choose change. You can choose a better America. You can elect @JoeBiden and @KamalaHarris. I am fired up to be back in Florida – let’s bring this home. https://t.co/GP8z8qVkHz
BarackObama,Barack Obama,2007-03-05 22:08:25,Washington  DC,https://twitter.com/BarackObama,democrat,budism,False,False,None,None,Dad  husband  President  citizen.,1323384479533142018,2020-11-02 22:00:21,Maaza  this is beautiful. Thank you for voting—and thank you for staying hopeful. https://t.co/OprqQkLDEf
BarackObama,Barack Obama,2007-03-05 22:08:25,Washington  DC,https://twitter.com/BarackObama,democrat,budism,False,False,None,None,Dad  husband  President  citizen.,1323373267219001344,2020-11-02 21:15:48,Congrats on your first vote  Dewey! It will make a difference. https://t.co/JA3kFnMiGG
BarackObama,Barack Obama,2007-03-05 22:08:25,Washington  DC,https://twitter.com/BarackObama,democrat,budism,False,False,None,None,Dad  husband  President  citizen.,1323341181292552194,2020-11-02 19:08:18,We’ve got to vote up and down the ticket like never before for Democratic candidates. Join me for a drive-in rally in Georgia with @Ossoff and @ReverendWarnock. https://t.co/Qzp6ZJhkBs
BarackObama,Barack Obama,2007-03-05 22:08:25,Washington  DC,https://twitter.com/BarackObama,democrat,budism,False,False,None,None,Dad  husband  President  citizen.,1323324599891877895,2020-11-02 18:02:25,We can’t afford to be complacent. Not this time. Not in this election. Make a plan right now: https://t.co/XdZz4dh82T https://t.co/6LNL64jmkf
BarackObama,Barack Obama,2007-03-05 22:08:25,Washington  DC,https://twitter.com/BarackObama,democrat,budism,False,False,None,None,Dad  husband  President  citizen.,1323309305232269313,2020-11-02 17:01:38,We can’t just imagine a better future; we’ve got to fight for it and vote for it. If you haven’t voted yet  make sure to return your ballot in person or make a plan to vote at https://t.co/XdZz4dh82T. If you’ve already voted  text three friends to make sure they have a plan. https://t.co/5KX97XcxcE
BarackObama,Barack Obama,2007-03-05 22:08:25,Washington  DC,https://twitter.com/BarackObama,democrat,budism,False,False,None,None,Dad  husband  President  citizen.,1322981436085993473,2020-11-01 19:18:48,"Today is the first day of Open Enrollment. If you need coverage or want to renew coverage  go to https://t.co/ob1Ynoesod right now and select a plan that works for you.

And then make sure you get out there and vote like your health care depends on it—because it does. https://t.co/j26Qn0dcH3"
BarackObama,Barack Obama,2007-03-05 22:08:25,Washington  DC,https://twitter.com/BarackObama,democrat,budism,False,False,None,None,Dad  husband  President  citizen.,1322679224692604928,2020-10-31 23:17:56,Shoot your shot. https://t.co/XdZz4dh82T https://t.co/elpBmzu6hV
BarackObama,Barack Obama,2007-03-05 22:08:25,Washington  DC,https://twitter.com/BarackObama,democrat,budism,False,False,None,None,Dad  husband  President  citizen.,1322646949707812868,2020-10-31 21:09:41,Fired up to be with my friends @StevieWonder and @JoeBiden in Detroit to make sure everybody turns out to vote in this election. Tune in live. https://t.co/dKNrWyVBKz
