Mike_Pence,Mike Pence,2009-02-27 23:04:51,,https://twitter.com/Mike_Pence,democrat,catholic,False,True,None,None,Husband  father  48th Vice President of the United States ğŸ‡ºğŸ‡¸,1403464657306853395,2021-06-11 21:30:24,Hereâ€™s what it looks like when a Vice President visits the Southern Border... Itâ€™s Time @VP Harris. Itâ€™s Time to Deal With the #BidenBorderCrisis! https://t.co/l0XT6kf3Zz
Mike_Pence,Mike Pence,2009-02-27 23:04:51,,https://twitter.com/Mike_Pence,democrat,catholic,False,True,None,None,Husband  father  48th Vice President of the United States ğŸ‡ºğŸ‡¸,1403455662189944832,2021-06-11 20:54:39,https://t.co/6L0Osb6a4z
Mike_Pence,Mike Pence,2009-02-27 23:04:51,,https://twitter.com/Mike_Pence,democrat,catholic,False,True,None,None,Husband  father  48th Vice President of the United States ğŸ‡ºğŸ‡¸,1403455660931616768,2021-06-11 20:54:39,Jimmy Lai is a Champion of Freedom &amp; I was honored to welcome him to the White House in 2019. Today  he sits in prison for his support of Democracy in Hong Kong &amp; @VoCommunism rightly awarded him their Highest Honor for his Courageous Commitment to Freedom. God Bless Jimmy Lai.ğŸ‡ºğŸ‡¸ https://t.co/oU69TSkex2
Mike_Pence,Mike Pence,2009-02-27 23:04:51,,https://twitter.com/Mike_Pence,democrat,catholic,False,True,None,None,Husband  father  48th Vice President of the United States ğŸ‡ºğŸ‡¸,1403428434093690887,2021-06-11 19:06:27,Proud to welcome @SarahHuckabee to the Hoosier State! Join me in supporting my great friend and the next Governor of the State of Arkansas  Sarah Huckabee Sanders! ğŸ‡ºğŸ‡¸ https://t.co/NVy2LMflYy https://t.co/TucrosaPkt
Mike_Pence,Mike Pence,2009-02-27 23:04:51,,https://twitter.com/Mike_Pence,democrat,catholic,False,True,None,None,Husband  father  48th Vice President of the United States ğŸ‡ºğŸ‡¸,1403368002330955782,2021-06-11 15:06:19,Make sure to add this Great Book about one of our Greatest Presidents  Calvin Coolidge  to your summer reading list! https://t.co/56LYBJYBA6
Mike_Pence,Mike Pence,2009-02-27 23:04:51,,https://twitter.com/Mike_Pence,democrat,catholic,False,True,None,None,Husband  father  48th Vice President of the United States ğŸ‡ºğŸ‡¸,1402664523237048324,2021-06-09 16:30:57,https://t.co/gISFClZ3Os
Mike_Pence,Mike Pence,2009-02-27 23:04:51,,https://twitter.com/Mike_Pence,democrat,catholic,False,True,None,None,Husband  father  48th Vice President of the United States ğŸ‡ºğŸ‡¸,1402252331866013701,2021-06-08 13:13:03,Happy Anniversary to my Best Friend and Wonderful Wife  @KarenPence! For 36 years You have been the Greatest Blessing of my life! â™¥ï¸ https://t.co/QMvbOdfn7i
Mike_Pence,Mike Pence,2009-02-27 23:04:51,,https://twitter.com/Mike_Pence,democrat,catholic,False,True,None,None,Husband  father  48th Vice President of the United States ğŸ‡ºğŸ‡¸,1401549560439316484,2021-06-06 14:40:29,On June 6  1944  American and Allied forces stormed the beaches of Normandy to free Europe from tyranny. On this 77th Anniversary of #DDay  we remember the more than 150 000 American and Allied troops whose heroism  courage  and sacrifice won a victory for freedom. https://t.co/TDQSjnorf8
Mike_Pence,Mike Pence,2009-02-27 23:04:51,,https://twitter.com/Mike_Pence,democrat,catholic,False,True,None,None,Husband  father  48th Vice President of the United States ğŸ‡ºğŸ‡¸,1401242108019843077,2021-06-05 18:18:47,Mike Pence: CRT Teaches Kids to Be 'Ashamed of Their Skin Color' https://t.co/jYI0pvn3G8
Mike_Pence,Mike Pence,2009-02-27 23:04:51,,https://twitter.com/Mike_Pence,democrat,catholic,False,True,None,None,Husband  father  48th Vice President of the United States ğŸ‡ºğŸ‡¸,1400852227762405379,2021-06-04 16:29:32,Mike Pence: Joe Biden Has Become â€˜Most Liberal President Since FDRâ€™ https://t.co/qfG3qpXZpJ
Mike_Pence,Mike Pence,2009-02-27 23:04:51,,https://twitter.com/Mike_Pence,democrat,catholic,False,True,None,None,Husband  father  48th Vice President of the United States ğŸ‡ºğŸ‡¸,1400640828570210306,2021-06-04 02:29:30,Pence slams Biden agenda in New Hampshire speech - The Hill https://t.co/A5xNLJAkLX
Mike_Pence,Mike Pence,2009-02-27 23:04:51,,https://twitter.com/Mike_Pence,democrat,catholic,False,True,None,None,Husband  father  48th Vice President of the United States ğŸ‡ºğŸ‡¸,1400627003003486216,2021-06-04 01:34:34,Thank you @GOPHillsborough! It was an honor to be in one of the strongest Republican counties in New England! ğŸ‡ºğŸ‡¸ https://t.co/mh1JCj8h6q
Mike_Pence,Mike Pence,2009-02-27 23:04:51,,https://twitter.com/Mike_Pence,democrat,catholic,False,True,None,None,Husband  father  48th Vice President of the United States ğŸ‡ºğŸ‡¸,1400625934730940423,2021-06-04 01:30:19,We donâ€™t need to defund the police  we need to DEFEND the police and reject the anti-law enforcement agenda of Joe Biden and the Democrats in Washington. https://t.co/Zb8UtvX2ag
Mike_Pence,Mike Pence,2009-02-27 23:04:51,,https://twitter.com/Mike_Pence,democrat,catholic,False,True,None,None,Husband  father  48th Vice President of the United States ğŸ‡ºğŸ‡¸,1400622543032229888,2021-06-04 01:16:51,We will defend state-based election reform  support Voter ID  and work every day to restore the confidence of every American  in every vote!
Mike_Pence,Mike Pence,2009-02-27 23:04:51,,https://twitter.com/Mike_Pence,democrat,catholic,False,True,None,None,Husband  father  48th Vice President of the United States ğŸ‡ºğŸ‡¸,1400622541933318145,2021-06-04 01:16:50,Republican Governors and legislatures in Georgia  Iowa  Arkansas  Kansas  Utah  Florida and many other states should be commended for passing a record number of election integrity bills this year.
Mike_Pence,Mike Pence,2009-02-27 23:04:51,,https://twitter.com/Mike_Pence,democrat,catholic,False,True,None,None,Husband  father  48th Vice President of the United States ğŸ‡ºğŸ‡¸,1400622540951785472,2021-06-04 01:16:50,It's time we recognize that election integrity is a National Imperative  but a State Responsibility!
Mike_Pence,Mike Pence,2009-02-27 23:04:51,,https://twitter.com/Mike_Pence,democrat,catholic,False,True,None,None,Husband  father  48th Vice President of the United States ğŸ‡ºğŸ‡¸,1400621763571113988,2021-06-04 01:13:45,It is time for America to discard the left-wing myth of systemic racism. America is not a racist Nationâ€”America is the most just  righteous  noble and inclusive Nation that has ever existed on the face of the earth!
Mike_Pence,Mike Pence,2009-02-27 23:04:51,,https://twitter.com/Mike_Pence,democrat,catholic,False,True,None,None,Husband  father  48th Vice President of the United States ğŸ‡ºğŸ‡¸,1400621638387998722,2021-06-04 01:13:15,Instead of teaching all of our children  regardless of race or creed or color  to be proud of their Country  Critical Race Theory teaches children as young as kindergarten to be ashamed of their skin color. https://t.co/AMxgCJFGcZ
Mike_Pence,Mike Pence,2009-02-27 23:04:51,,https://twitter.com/Mike_Pence,democrat,catholic,False,True,None,None,Husband  father  48th Vice President of the United States ğŸ‡ºğŸ‡¸,1400620426653491203,2021-06-04 01:08:26,What we proved over the last four years is that we can be Nation built on freedom  whose government exists to serve its citizens  not the other way around. https://t.co/dhK2eQSDzM
Mike_Pence,Mike Pence,2009-02-27 23:04:51,,https://twitter.com/Mike_Pence,democrat,catholic,False,True,None,None,Husband  father  48th Vice President of the United States ğŸ‡ºğŸ‡¸,1400532668165537792,2021-06-03 19:19:43,Great visiting my friend @GovChrisSununu in New Hampshire today! https://t.co/6feaRQCHAm
Mike_Pence,Mike Pence,2009-02-27 23:04:51,,https://twitter.com/Mike_Pence,democrat,catholic,False,True,None,None,Husband  father  48th Vice President of the United States ğŸ‡ºğŸ‡¸,1400516629595930629,2021-06-03 18:15:59,Looking forward to speaking at the @GOPHillsborough  Lincoln Reagan Dinner tonight! https://t.co/FCYzxUE9rL
Mike_Pence,Mike Pence,2009-02-27 23:04:51,,https://twitter.com/Mike_Pence,democrat,catholic,False,True,None,None,Husband  father  48th Vice President of the United States ğŸ‡ºğŸ‡¸,1399324011037855744,2021-05-31 11:16:57,Today is Memorial Day in America  the day that we honor all those who paid the ultimate sacrifice for our freedom. Their duty was to serve  our duty is to remember  and their memory will live in our hearts forever. God Bless our fallen heroes and their families. ğŸ‡ºğŸ‡¸ #MemorialDay https://t.co/tRc6chZC6w
Mike_Pence,Mike Pence,2009-02-27 23:04:51,,https://twitter.com/Mike_Pence,democrat,catholic,False,True,None,None,Husband  father  48th Vice President of the United States ğŸ‡ºğŸ‡¸,1399123956657963008,2021-05-30 22:02:00,Congratulations to Four-Time Winner @h3lio Castroneves &amp; @IMS on Fantastic 2021 #Indy500! What a Great Race!ğŸ https://t.co/q2t0Sox9Or
Mike_Pence,Mike Pence,2009-02-27 23:04:51,,https://twitter.com/Mike_Pence,democrat,catholic,False,True,None,None,Husband  father  48th Vice President of the United States ğŸ‡ºğŸ‡¸,1398388470226337792,2021-05-28 21:19:26,Looking forward to being at theÂ Greatest SpectacleÂ inÂ Racing  the #Indy500  with @KarenPence on Sunday! https://t.co/NwqzGrgtkm
Mike_Pence,Mike Pence,2009-02-27 23:04:51,,https://twitter.com/Mike_Pence,democrat,catholic,False,True,None,None,Husband  father  48th Vice President of the United States ğŸ‡ºğŸ‡¸,1398030764080521221,2021-05-27 21:38:02,Today America lost a Giant with the passing of @FosterFriess. His love for America  Optimism &amp; Faith inspired generations of conservatives &amp; he will be deeply missed. Karen &amp; I are praying for Lynn  their family and all who loved this truly Great American. God Bless Foster Friess https://t.co/cthYrqCcbb
Mike_Pence,Mike Pence,2009-02-27 23:04:51,,https://twitter.com/Mike_Pence,democrat,catholic,False,True,None,None,Husband  father  48th Vice President of the United States ğŸ‡ºğŸ‡¸,1397539628912189450,2021-05-26 13:06:27,We cannot give in to the Radical Leftâ€™s call to defund the police. We must stand with the men and women on the Thin Blue Line and Back the Blue together!
Mike_Pence,Mike Pence,2009-02-27 23:04:51,,https://twitter.com/Mike_Pence,democrat,catholic,False,True,None,None,Husband  father  48th Vice President of the United States ğŸ‡ºğŸ‡¸,1397539625862844416,2021-05-26 13:06:26,Last year I had the honor of traveling the country and hearing directly from leaders and business owners in communities across America. Each of these great Americans said the same thing: we need Law Enforcement to keep our cities safe. https://t.co/yNGFIWM0tB
Mike_Pence,Mike Pence,2009-02-27 23:04:51,,https://twitter.com/Mike_Pence,democrat,catholic,False,True,None,None,Husband  father  48th Vice President of the United States ğŸ‡ºğŸ‡¸,1396950066867359745,2021-05-24 22:03:44,Top Republicans flock to Reagan Library to speak out on GOP's future | Fox News https://t.co/qpwESWnmS1
Mike_Pence,Mike Pence,2009-02-27 23:04:51,,https://twitter.com/Mike_Pence,democrat,catholic,False,True,None,None,Husband  father  48th Vice President of the United States ğŸ‡ºğŸ‡¸,1396820941997477888,2021-05-24 13:30:38,So Good to be Back Home Again in Indiana! ğŸ ğŸ‡ºğŸ‡¸ https://t.co/d8WKTlQYnc
Mike_Pence,Mike Pence,2009-02-27 23:04:51,,https://twitter.com/Mike_Pence,democrat,catholic,False,True,None,None,Husband  father  48th Vice President of the United States ğŸ‡ºğŸ‡¸,1394682700339027968,2021-05-18 15:54:02,https://t.co/fbIh5fBH9Y
Mike_Pence,Mike Pence,2009-02-27 23:04:51,,https://twitter.com/Mike_Pence,democrat,catholic,False,True,None,None,Husband  father  48th Vice President of the United States ğŸ‡ºğŸ‡¸,1394680207173373955,2021-05-18 15:44:07,"The Trump-Pence Administration set the table for lasting peace. President Biden has replaced strength with weakness  moral clarity with confusion  and loyalty with betrayal.

If the world knows nothing else  let the world know this: America Stands with Israel. ğŸ‡ºğŸ‡¸ğŸ‡®ğŸ‡± https://t.co/QxDP5iZBs1"
Mike_Pence,Mike Pence,2009-02-27 23:04:51,,https://twitter.com/Mike_Pence,democrat,catholic,False,True,None,None,Husband  father  48th Vice President of the United States ğŸ‡ºğŸ‡¸,1394434430639480832,2021-05-17 23:27:30,https://t.co/xe7KbExpPr
Mike_Pence,Mike Pence,2009-02-27 23:04:51,,https://twitter.com/Mike_Pence,democrat,catholic,False,True,None,None,Husband  father  48th Vice President of the United States ğŸ‡ºğŸ‡¸,1394288939209474051,2021-05-17 13:49:22,Mike Pence: Biden's China-first tax plan â€“ Americans come last in president's jobs plan | Fox News https://t.co/Y3oDO6lpfz
Mike_Pence,Mike Pence,2009-02-27 23:04:51,,https://twitter.com/Mike_Pence,democrat,catholic,False,True,None,None,Husband  father  48th Vice President of the United States ğŸ‡ºğŸ‡¸,1393588554404671490,2021-05-15 15:26:17,On this Peace Officers Memorial Day  we pay tribute to the brave men &amp; women on the Thin Blue Line who lost their lives in the line of duty. Our prayers are with their families &amp; we will never forget or fail to honor these heroes who sacrificed their own safety to protect us. ğŸ‡ºğŸ‡¸ https://t.co/XHYUhqNCxi
Mike_Pence,Mike Pence,2009-02-27 23:04:51,,https://twitter.com/Mike_Pence,democrat,catholic,False,True,None,None,Husband  father  48th Vice President of the United States ğŸ‡ºğŸ‡¸,1393221172997890050,2021-05-14 15:06:27,Three years ago today  our Administration followed through on the promise of many before and moved our US Embassy to Jerusalem  the rightful capital of Israel! Israel is Americaâ€™s most cherished ally &amp; @usembassyjlm represents unbreakable bond between our two Nations. ğŸ‡ºğŸ‡¸ğŸ‡®ğŸ‡± https://t.co/EIakPLAp2i
Mike_Pence,Mike Pence,2009-02-27 23:04:51,,https://twitter.com/Mike_Pence,democrat,catholic,False,True,None,None,Husband  father  48th Vice President of the United States ğŸ‡ºğŸ‡¸,1392225507308183555,2021-05-11 21:10:01,America Stands with Israel. ğŸ‡ºğŸ‡¸ ğŸ‡®ğŸ‡±
Mike_Pence,Mike Pence,2009-02-27 23:04:51,,https://twitter.com/Mike_Pence,democrat,catholic,False,True,None,None,Husband  father  48th Vice President of the United States ğŸ‡ºğŸ‡¸,1392206086342651905,2021-05-11 19:52:51,.@FedSoc is a great organization of over 60 000 lawyers  law students &amp; scholars who believe in the Conservative principles of Limited Government &amp; Individual Freedom. With the help of @FedSoc  the legacy of the Trump-Pence Admin is a Conservative majority in the Supreme Court!ğŸ‡ºğŸ‡¸
Mike_Pence,Mike Pence,2009-02-27 23:04:51,,https://twitter.com/Mike_Pence,democrat,catholic,False,True,None,None,Husband  father  48th Vice President of the United States ğŸ‡ºğŸ‡¸,1391937473031311365,2021-05-11 02:05:29,"If the World Knows Nothing else
Let the World Know this- 
America Stands With Israel ğŸ‡ºğŸ‡¸ https://t.co/i0waMKe2al"
Mike_Pence,Mike Pence,2009-02-27 23:04:51,,https://twitter.com/Mike_Pence,democrat,catholic,False,True,None,None,Husband  father  48th Vice President of the United States ğŸ‡ºğŸ‡¸,1391424788082610177,2021-05-09 16:08:15,Happy Motherâ€™s Day to My Mom Nancy  My Kids Wonderful Mom @KarenPence  our familyâ€™s newest Mommy &amp; All of Americaâ€™s Incredible Moms #HappyMothersDay ! https://t.co/Crlz7rW6u5
Mike_Pence,Mike Pence,2009-02-27 23:04:51,,https://twitter.com/Mike_Pence,democrat,catholic,False,True,None,None,Husband  father  48th Vice President of the United States ğŸ‡ºğŸ‡¸,1390388263672815623,2021-05-06 19:29:28,https://t.co/Gcbt93dKyS
Mike_Pence,Mike Pence,2009-02-27 23:04:51,,https://twitter.com/Mike_Pence,democrat,catholic,False,True,None,None,Husband  father  48th Vice President of the United States ğŸ‡ºğŸ‡¸,1390291370447937541,2021-05-06 13:04:27,"â€œDo not be anxious about anything  but in every situation  by prayer and petition  with thanksgiving  present your requests to God. And the peace of God  which transcends all understanding  will guard your hearts and your minds in Christ Jesus.â€

Philippians 4:6-7"
Mike_Pence,Mike Pence,2009-02-27 23:04:51,,https://twitter.com/Mike_Pence,democrat,catholic,False,True,None,None,Husband  father  48th Vice President of the United States ğŸ‡ºğŸ‡¸,1390291176343883778,2021-05-06 13:03:41,On this #NationalDayofPrayer  letâ€™s pray for America  for the courageous Americans in uniform who keep us safe at home and abroad  for the dedicated healthcare professionals who have cared for our families  and for every American in this one Nation under God. ğŸ‡ºğŸ‡¸ https://t.co/dwnJX3VPJN
Mike_Pence,Mike Pence,2009-02-27 23:04:51,,https://twitter.com/Mike_Pence,democrat,catholic,False,True,None,None,Husband  father  48th Vice President of the United States ğŸ‡ºğŸ‡¸,1389681820229423104,2021-05-04 20:42:19,"Excited to headline @yafâ€™s 43rd Annual National Conservative Student Conference! 

RSVP now to be there: https://t.co/VDHKwXESIN"
Mike_Pence,Mike Pence,2009-02-27 23:04:51,,https://twitter.com/Mike_Pence,democrat,catholic,False,True,None,None,Husband  father  48th Vice President of the United States ğŸ‡ºğŸ‡¸,1388654387661262852,2021-05-02 00:39:40,https://t.co/HW6M3Itgiu
Mike_Pence,Mike Pence,2009-02-27 23:04:51,,https://twitter.com/Mike_Pence,democrat,catholic,False,True,None,None,Husband  father  48th Vice President of the United States ğŸ‡ºğŸ‡¸,1388654367897755650,2021-05-02 00:39:35,In just 100 days the Biden-Harris administration has launched an avalanche of liberal policies that will derail all the progress we made on security  prosperity and values!
Mike_Pence,Mike Pence,2009-02-27 23:04:51,,https://twitter.com/Mike_Pence,democrat,catholic,False,True,None,None,Husband  father  48th Vice President of the United States ğŸ‡ºğŸ‡¸,1388217653848838144,2021-04-30 19:44:15,https://t.co/rqLY5FSGP0
Mike_Pence,Mike Pence,2009-02-27 23:04:51,,https://twitter.com/Mike_Pence,democrat,catholic,False,True,None,None,Husband  father  48th Vice President of the United States ğŸ‡ºğŸ‡¸,1388200308770316292,2021-04-30 18:35:19,With our agenda  and with our movement  we will ALWAYS stand with men and women on the Thin Blue Line of Law Enforcement! https://t.co/2U6r6EJdgr
Mike_Pence,Mike Pence,2009-02-27 23:04:51,,https://twitter.com/Mike_Pence,democrat,catholic,False,True,None,None,Husband  father  48th Vice President of the United States ğŸ‡ºğŸ‡¸,1388171814283714563,2021-04-30 16:42:06,https://t.co/z6P41DQNq7
Mike_Pence,Mike Pence,2009-02-27 23:04:51,,https://twitter.com/Mike_Pence,democrat,catholic,False,True,None,None,Husband  father  48th Vice President of the United States ğŸ‡ºğŸ‡¸,1388151568944582658,2021-04-30 15:21:39,After 100 days of open borders  runaway spending  proposing one of the biggest tax hikes ever conceived  embracing calls to defund the police  abandoning the right to life  forcing Critical Race Theory into our schools  &amp; cancelling our most cherished liberties  Iâ€™ve had enough! https://t.co/nNO3r3MgRf
Mike_Pence,Mike Pence,2009-02-27 23:04:51,,https://twitter.com/Mike_Pence,democrat,catholic,False,True,None,None,Husband  father  48th Vice President of the United States ğŸ‡ºğŸ‡¸,1388128008268025856,2021-04-30 13:48:01,Thank you Palmetto Family! It was a great honor to be with one of the most effective pro-family organizations in America last night! https://t.co/RFK67dv8kq
Mike_Pence,Mike Pence,2009-02-27 23:04:51,,https://twitter.com/Mike_Pence,democrat,catholic,False,True,None,None,Husband  father  48th Vice President of the United States ğŸ‡ºğŸ‡¸,1387953964218560515,2021-04-30 02:16:26,Our agenda is clear. Itâ€™s the agenda implemented in the Trump-Pence Administration  built on a strong national defense  secure borders  free-market economics  America first trade deals  Conservative judges &amp; upholding all of the God-given liberties enshrined in the Constitution. https://t.co/w3bAalJJwx
Mike_Pence,Mike Pence,2009-02-27 23:04:51,,https://twitter.com/Mike_Pence,democrat,catholic,False,True,None,None,Husband  father  48th Vice President of the United States ğŸ‡ºğŸ‡¸,1387945224723439619,2021-04-30 01:41:43,We will reject Critical Race Theory in our schools and public institutions  and we will CANCEL Cancel Culture wherever it arises!
Mike_Pence,Mike Pence,2009-02-27 23:04:51,,https://twitter.com/Mike_Pence,democrat,catholic,False,True,None,None,Husband  father  48th Vice President of the United States ğŸ‡ºğŸ‡¸,1387945223310004231,2021-04-30 01:41:42,"They abolished the 1776 commission aimed at promoting patriotism in American education  they authorized teaching Critical Race Theory in federal agencies and public schools  and they restored Title 10 funding to Planned Parenthood. 

Had enough? I have."
Mike_Pence,Mike Pence,2009-02-27 23:04:51,,https://twitter.com/Mike_Pence,democrat,catholic,False,True,None,None,Husband  father  48th Vice President of the United States ğŸ‡ºğŸ‡¸,1387945222215176198,2021-04-30 01:41:42,The most disturbing development of the last 100 days has been the Biden administrationâ€™s whole-hearted embrace of the radical leftâ€™s all-encompassing  rapidly-escalating war on American traditional values:
Mike_Pence,Mike Pence,2009-02-27 23:04:51,,https://twitter.com/Mike_Pence,democrat,catholic,False,True,None,None,Husband  father  48th Vice President of the United States ğŸ‡ºğŸ‡¸,1387938408421543941,2021-04-30 01:14:37,In 48 months  the Trump-Pence Admin achieved the lowest unemployment  highest household incomes  most energy production  most pro-American trade deals  most secure border &amp; strongest military in American history! And just like Palmetto Family  we guarded timeless American values! https://t.co/mxto03ve7E
Mike_Pence,Mike Pence,2009-02-27 23:04:51,,https://twitter.com/Mike_Pence,democrat,catholic,False,True,None,None,Husband  father  48th Vice President of the United States ğŸ‡ºğŸ‡¸,1387904693846818822,2021-04-29 23:00:39,Watch LIVE: Remarks to the Palmetto Family Council in South Carolina https://t.co/o2aFiHXY4C
Mike_Pence,Mike Pence,2009-02-27 23:04:51,,https://twitter.com/Mike_Pence,democrat,catholic,False,True,None,None,Husband  father  48th Vice President of the United States ğŸ‡ºğŸ‡¸,1387793674692595715,2021-04-29 15:39:30,"Heading to South Carolina today to deliver remarks to the Palmetto Family Council on the Conservative values that have made America great! 

Tune in back here at 7:00PM EST to watch live."
Mike_Pence,Mike Pence,2009-02-27 23:04:51,,https://twitter.com/Mike_Pence,democrat,catholic,False,True,None,None,Husband  father  48th Vice President of the United States ğŸ‡ºğŸ‡¸,1387790733231460352,2021-04-29 15:27:49,Congratulations and Thank You to @SenatorTimScott  for a strong  honest  and truly inspiring GOP Response last night! He took the case for our Conservative philosophy straight to the American people and did an Outstanding Job! ğŸ‡ºğŸ‡¸https://t.co/y6VnvPJ6rN
Mike_Pence,Mike Pence,2009-02-27 23:04:51,,https://twitter.com/Mike_Pence,democrat,catholic,False,True,None,None,Husband  father  48th Vice President of the United States ğŸ‡ºğŸ‡¸,1387515834453667841,2021-04-28 21:15:28,Indiana has had a Voter ID law  upheld by the Supreme Court  since 2008. Since then  turnout has continued to increase  most recently jumping from 58% in 2016 to 65% in 2020. Donâ€™t let the Democratsâ€™ â€œFor the People Actâ€ undermine this critical part of Election Integrity!
Mike_Pence,Mike Pence,2009-02-27 23:04:51,,https://twitter.com/Mike_Pence,democrat,catholic,False,True,None,None,Husband  father  48th Vice President of the United States ğŸ‡ºğŸ‡¸,1387484252942520322,2021-04-28 19:09:58,We send our deepest condolences and prayers to Michaelâ€™s family during this time and we will be ever inspired by the life and legacy of Apollo 11 Astronaut Michael Collins. https://t.co/cTgwkGehOw
Mike_Pence,Mike Pence,2009-02-27 23:04:51,,https://twitter.com/Mike_Pence,democrat,catholic,False,True,None,None,Husband  father  48th Vice President of the United States ğŸ‡ºğŸ‡¸,1387484243299811331,2021-04-28 19:09:56,.@KarenPence &amp; I were saddened to learn of the passing of American Hero  Astronaut Michael Collins. As the Command Module Pilot for Apollo 11  Michael helped pioneer a generation of exploration in Space and showed us boundless opportunity that awaits us on the Moon and beyond. https://t.co/8SpWI19OMs
Mike_Pence,Mike Pence,2009-02-27 23:04:51,,https://twitter.com/Mike_Pence,democrat,catholic,False,True,None,None,Husband  father  48th Vice President of the United States ğŸ‡ºğŸ‡¸,1385754044078100480,2021-04-24 00:34:44,So Proud of to see Indiana Leading on School Choice! â€œOnce again Hoosiers are leading the way in establishing an education system that gives parents and children a choice.â€-Wall Street Journal. https://t.co/o1ws0XjWPJ
Mike_Pence,Mike Pence,2009-02-27 23:04:51,,https://twitter.com/Mike_Pence,democrat,catholic,False,True,None,None,Husband  father  48th Vice President of the United States ğŸ‡ºğŸ‡¸,1385593564193644552,2021-04-23 13:57:03,Congratulations @NASA  @SpaceX  @NASAKennedy &amp; The Brave Astronauts aboard NASAâ€™s SpaceX Crew-2 mission! Godspeed!ğŸ‡ºğŸ‡¸ https://t.co/NXFY9xfEme
Mike_Pence,Mike Pence,2009-02-27 23:04:51,,https://twitter.com/Mike_Pence,democrat,catholic,False,True,None,None,Husband  father  48th Vice President of the United States ğŸ‡ºğŸ‡¸,1385380878788956163,2021-04-22 23:51:55,Pence hits Dems over border crisis  touts Trump's success stemming illegal immigration | Fox News https://t.co/lNfE0l1MM8
Mike_Pence,Mike Pence,2009-02-27 23:04:51,,https://twitter.com/Mike_Pence,democrat,catholic,False,True,None,None,Husband  father  48th Vice President of the United States ğŸ‡ºğŸ‡¸,1385188129477439492,2021-04-22 11:06:00,Democrats Could End Border Crisis Quickly. Instead  Theyâ€™re Making It Worse. https://t.co/EyKw2oLCgO
Mike_Pence,Mike Pence,2009-02-27 23:04:51,,https://twitter.com/Mike_Pence,democrat,catholic,False,True,None,None,Husband  father  48th Vice President of the United States ğŸ‡ºğŸ‡¸,1384572739487477764,2021-04-20 18:20:39,"The National Media said it couldnâ€™t be done...but thanks to American innovation and #OperationWarpSpeed  all US adults are now eligible to receive a COVID vaccine. 

Thatâ€™s what we call â€œPromises Made. Promises Kept!â€ Only in America. ğŸ‡ºğŸ‡¸ https://t.co/ETXeIMG11z"
Mike_Pence,Mike Pence,2009-02-27 23:04:51,,https://twitter.com/Mike_Pence,democrat,catholic,False,True,None,None,Husband  father  48th Vice President of the United States ğŸ‡ºğŸ‡¸,1384542552162963457,2021-04-20 16:20:42,.@KarenPence &amp; I were saddened to learn of the passing of Former Vice President Walter Mondale  a man who served Minnesota &amp; America with distinction throughout his public life. We send our deepest sympathies &amp; prayers to the Mondale Family &amp; all who admired this truly good man. https://t.co/5xCpjmqzkk
Mike_Pence,Mike Pence,2009-02-27 23:04:51,,https://twitter.com/Mike_Pence,democrat,catholic,False,True,None,None,Husband  father  48th Vice President of the United States ğŸ‡ºğŸ‡¸,1384534105736495104,2021-04-20 15:47:08,Congratulations to Brooke Rollins and the whole team at @A1Policy  a great research and educational organization that puts #AmericaFIRST! ğŸ‡ºğŸ‡¸ https://t.co/dK3z7hhLDI
Mike_Pence,Mike Pence,2009-02-27 23:04:51,,https://twitter.com/Mike_Pence,democrat,catholic,False,True,None,None,Husband  father  48th Vice President of the United States ğŸ‡ºğŸ‡¸,1384531104292655106,2021-04-20 15:35:13,Great to be Back to Work Today! My Doctors say Iâ€™m on the road to a full recovery! I will always be grateful for their caring professionalism and the Prayers and Kind Words from So Many across the Country. Thanks So Much! God is good. Onward! ğŸ‡ºğŸ‡¸
Mike_Pence,Mike Pence,2009-02-27 23:04:51,,https://twitter.com/Mike_Pence,democrat,catholic,False,True,None,None,Husband  father  48th Vice President of the United States ğŸ‡ºğŸ‡¸,1380530487916122115,2021-04-09 14:38:11,Our deepest sympathies and prayers to Her Majesty The Queen  the Royal Family and all the people of our great ally the United Kingdom. God bless Prince Philip  a man of dignity and devotion to family and country. https://t.co/2RPrwmBYAx
Mike_Pence,Mike Pence,2009-02-27 23:04:51,,https://twitter.com/Mike_Pence,democrat,catholic,False,True,None,None,Husband  father  48th Vice President of the United States ğŸ‡ºğŸ‡¸,1380508007876997122,2021-04-09 13:08:52,https://t.co/D22adkH20A
Mike_Pence,Mike Pence,2009-02-27 23:04:51,,https://twitter.com/Mike_Pence,democrat,catholic,False,True,None,None,Husband  father  48th Vice President of the United States ğŸ‡ºğŸ‡¸,1379745730391326721,2021-04-07 10:39:51,Excited to launch @AmericanFreedom  an advocacy organization that will defend and build upon the successful policies of the Trump-Pence Administration. AAF will help defeat the Radical Left Agenda and Advance American Freedom for generations to come! ğŸ‡ºğŸ‡¸ https://t.co/tnR04lTCXb
Mike_Pence,Mike Pence,2009-02-27 23:04:51,,https://twitter.com/Mike_Pence,democrat,catholic,False,True,None,None,Husband  father  48th Vice President of the United States ğŸ‡ºğŸ‡¸,1378673337048649731,2021-04-04 11:38:32,"â€œDo not be afraid  for I know that you are looking for Jesus  who was crucified. He is not here; He has risen  just as He said.â€ (Matthew 28) Karen and I send our best wishes for a Blessed Easter to all who greet the Empty Tomb with Full Hearts. 
He is Risen! #HappyEaster https://t.co/tsdh1WPBni"
Mike_Pence,Mike Pence,2009-02-27 23:04:51,,https://twitter.com/Mike_Pence,democrat,catholic,False,True,None,None,Husband  father  48th Vice President of the United States ğŸ‡ºğŸ‡¸,1378431549163646982,2021-04-03 19:37:45,https://t.co/Pg1ATtKXui
Mike_Pence,Mike Pence,2009-02-27 23:04:51,,https://twitter.com/Mike_Pence,democrat,catholic,False,True,None,None,Husband  father  48th Vice President of the United States ğŸ‡ºğŸ‡¸,1378116049665724417,2021-04-02 22:44:05,Our hearts are with the family of US Capitol Police Officer William â€œBillyâ€Evans who gave his life protecting our Capitol today after 18 years of courageous service. We pray Godâ€™s comfort for his family and all the brave men and women of @CapitolPolice.
Mike_Pence,Mike Pence,2009-02-27 23:04:51,,https://twitter.com/Mike_Pence,democrat,catholic,False,True,None,None,Husband  father  48th Vice President of the United States ğŸ‡ºğŸ‡¸,1377967821930569729,2021-04-02 12:55:04,This Good Friday  @KarenPence &amp; I join Christians everywhere remembering the sacrifice our Lord and Savior Jesus Christ made for us on the Cross. â€œ...He was crushed for our iniquities; the punishment that brought us peace was on Him  and by His wounds we are healed.â€ #GoodFriday https://t.co/QAkKx0pbw9
Mike_Pence,Mike Pence,2009-02-27 23:04:51,,https://twitter.com/Mike_Pence,democrat,catholic,False,True,None,None,Husband  father  48th Vice President of the United States ğŸ‡ºğŸ‡¸,1377723075018559492,2021-04-01 20:42:32,Congratulations (Again!) to Congresswoman @millermeeks on a great victory for #IA02  House Republicans  and State-Based Elections in America! Iowa has a real champion in Dr. Miller-Meeks who will never stop fighting to put Iowa First! ğŸ‡ºğŸ‡¸ https://t.co/PotUdgkwYB
Mike_Pence,Mike Pence,2009-02-27 23:04:51,,https://twitter.com/Mike_Pence,democrat,catholic,False,True,None,None,Husband  father  48th Vice President of the United States ğŸ‡ºğŸ‡¸,1376234677942501378,2021-03-28 18:08:11,To our fellow Christians in America and around the world  @KarenPence and I wish a blessed Palm Sunday. â€œHosanna! Blessed is he who comes in the name of the Lord!â€ #PalmSunday https://t.co/Pd9OMM0BWd
Mike_Pence,Mike Pence,2009-02-27 23:04:51,,https://twitter.com/Mike_Pence,democrat,catholic,False,True,None,None,Husband  father  48th Vice President of the United States ğŸ‡ºğŸ‡¸,1375931291351257094,2021-03-27 22:02:38,.@KarenPence and I wish everyone celebrating around America and the world a blessed and happy #Passover! Chag Sameach! https://t.co/lDQxjW3Enh
Mike_Pence,Mike Pence,2009-02-27 23:04:51,,https://twitter.com/Mike_Pence,democrat,catholic,False,True,None,None,Husband  father  48th Vice President of the United States ğŸ‡ºğŸ‡¸,1375505035195469833,2021-03-26 17:48:50,Two years ago today in Rocket City  our Administration announced that the next man and the first woman on the Moon will be American astronauts launched on an American rocket from American soil! The United States is Going Back to the Moon  and on to Mars! ğŸ‡ºğŸ‡¸ https://t.co/OsLEmL5xho
Mike_Pence,Mike Pence,2009-02-27 23:04:51,,https://twitter.com/Mike_Pence,democrat,catholic,False,True,None,None,Husband  father  48th Vice President of the United States ğŸ‡ºğŸ‡¸,1375473094798770182,2021-03-26 15:41:55,Election Integrity is a National Imperative and Georgiaâ€™s passage of S.B. 202 will ensure fairer &amp; more secure elections in the Peach State! Thank you to General Assembly Republicans &amp; @GovKemp for helping to restore public trust in elections. More states should follow soon!ğŸ‡ºğŸ‡¸
Mike_Pence,Mike Pence,2009-02-27 23:04:51,,https://twitter.com/Mike_Pence,democrat,catholic,False,True,None,None,Husband  father  48th Vice President of the United States ğŸ‡ºğŸ‡¸,1375102883721572352,2021-03-25 15:10:50,Thank You @Franklin_Graham &amp; @SamaritansPurse for all you do â€œHelping in Jesusâ€™ Nameâ€! We were truly inspired. God Bless you all! https://t.co/gKNXmy5qYh
Mike_Pence,Mike Pence,2009-02-27 23:04:51,,https://twitter.com/Mike_Pence,democrat,catholic,False,True,None,None,Husband  father  48th Vice President of the United States ğŸ‡ºğŸ‡¸,1374873016807653376,2021-03-24 23:57:25,"In my years as Vice President  I was continually inspired by how @SamaritansPurse was always among the first on the scene of disasters  ready to Help neighbors in need in Jesusâ€™ Name.

Find out how you can serve with @SamaritansPurse today! https://t.co/pwiTohNgGh"
Mike_Pence,Mike Pence,2009-02-27 23:04:51,,https://twitter.com/Mike_Pence,democrat,catholic,False,True,None,None,Husband  father  48th Vice President of the United States ğŸ‡ºğŸ‡¸,1374873014391693312,2021-03-24 23:57:25,It was such a joy to be at @SamaritansPurse in NC today with @KarenPence to say thank you to @Franklin_Graham and his incredible staff &amp; volunteers for the work theyâ€™ve done serving as the hands and feet of Christ for 50 years in 100 countries! https://t.co/FwpL9k3Z1e
Mike_Pence,Mike Pence,2009-02-27 23:04:51,,https://twitter.com/Mike_Pence,democrat,catholic,False,True,None,None,Husband  father  48th Vice President of the United States ğŸ‡ºğŸ‡¸,1374872742378541056,2021-03-24 23:56:20,Six years ago today  as Governor of Indiana  I signed Right to Try alongside little Jordan McLinn and Jordan was there when President Trump signed Right to Try for America in 2018. Thanks Jordan! ğŸ‡ºğŸ‡¸ https://t.co/RNJuJi5mRh
Mike_Pence,Mike Pence,2009-02-27 23:04:51,,https://twitter.com/Mike_Pence,democrat,catholic,False,True,None,None,Husband  father  48th Vice President of the United States ğŸ‡ºğŸ‡¸,1374462464478220292,2021-03-23 20:46:02,Now  Nancy Pelosi has changed her tuneâ€”not trusting states to certify their own elections. Donâ€™t let House Democrats take this seat to advance their Radical Left agenda. Letâ€™s Stand up for Democracy and Stand with Congresswoman @millermeeks! ğŸ‡ºğŸ‡¸ https://t.co/ONumimEp31
Mike_Pence,Mike Pence,2009-02-27 23:04:51,,https://twitter.com/Mike_Pence,democrat,catholic,False,True,None,None,Husband  father  48th Vice President of the United States ğŸ‡ºğŸ‡¸,1374462463115030542,2021-03-23 20:46:02,After losing 13 seats in the 2020 election  House Democrats have a numbers problem and are trying to grab a House seat in Iowa to fix it. Despite a Bipartisan group of election officials in Iowa voting 5-0 to certify Mariannette @millermeeks after a recount...
Mike_Pence,Mike Pence,2009-02-27 23:04:51,,https://twitter.com/Mike_Pence,democrat,catholic,False,True,None,None,Husband  father  48th Vice President of the United States ğŸ‡ºğŸ‡¸,1374347728797511682,2021-03-23 13:10:07,https://t.co/5SCuEsoJtC
Mike_Pence,Mike Pence,2009-02-27 23:04:51,,https://twitter.com/Mike_Pence,democrat,catholic,False,True,None,None,Husband  father  48th Vice President of the United States ğŸ‡ºğŸ‡¸,1373620086272110594,2021-03-21 12:58:43,Congratulations @jbletlow! With her strong Conservative ideals  Julia will be a Great Representative for the people of #LA05 in Congress! ğŸ‡ºğŸ‡¸ https://t.co/NT8qf0UTN5
Mike_Pence,Mike Pence,2009-02-27 23:04:51,,https://twitter.com/Mike_Pence,democrat,catholic,False,True,None,None,Husband  father  48th Vice President of the United States ğŸ‡ºğŸ‡¸,1373011964885135364,2021-03-19 20:42:16,https://t.co/jZx9R1DNWH
Mike_Pence,Mike Pence,2009-02-27 23:04:51,,https://twitter.com/Mike_Pence,democrat,catholic,False,True,None,None,Husband  father  48th Vice President of the United States ğŸ‡ºğŸ‡¸,1372570385456173058,2021-03-18 15:27:35,"Three months ago  @KarenPence &amp; I got our Coronavirus vaccines. Thanks to #OperationWarpSpeed  today we have 3 Safe &amp; Effective Vaccines available and we encourage Every American to Get Your Vaccine!ğŸ‡ºğŸ‡¸

For details on when &amp; where to get vaccinated  visit: https://t.co/JFbfidk7R6 https://t.co/3am8OVEeJH"
Mike_Pence,Mike Pence,2009-02-27 23:04:51,,https://twitter.com/Mike_Pence,democrat,catholic,False,True,None,None,Husband  father  48th Vice President of the United States ğŸ‡ºğŸ‡¸,1372165211566800896,2021-03-17 12:37:34,Happy #StPatricksDay from our family to yours! In 1923  my grandfather came to America from Ireland  and today  and every day  our family is proud of our Irish American Heritage! ğŸ€ğŸ‡ºğŸ‡¸ https://t.co/vZNZATbmkR
Mike_Pence,Mike Pence,2009-02-27 23:04:51,,https://twitter.com/Mike_Pence,democrat,catholic,False,True,None,None,Husband  father  48th Vice President of the United States ğŸ‡ºğŸ‡¸,1371527009839497218,2021-03-15 18:21:35,.@SarahHuckabee is a Christian  a Conservative  and a Proud Arkansan who will fight for the people of Arkansas  stand with Law Enforcement  promote lower taxes  champion school choice  and more! Sarah will be a great Governor and has my full support! https://t.co/PRlkwo3Ooa https://t.co/9ldMr1yAO0
Mike_Pence,Mike Pence,2009-02-27 23:04:51,,https://twitter.com/Mike_Pence,democrat,catholic,False,True,None,None,Husband  father  48th Vice President of the United States ğŸ‡ºğŸ‡¸,1370480376225878018,2021-03-12 21:02:38,There is no Greater Fighter for Kansas than Senator Jerry Moranâ€”a strong Conservative who always puts Kansas First while working to champion farmers &amp; ranchers  defend the Right to Life  &amp; protect our Second Amendment! I'm proud to support @moranforkansas! https://t.co/J1kYOonzm8
Mike_Pence,Mike Pence,2009-02-27 23:04:51,,https://twitter.com/Mike_Pence,democrat,catholic,False,True,None,None,Husband  father  48th Vice President of the United States ğŸ‡ºğŸ‡¸,1370455443491917830,2021-03-12 19:23:34,Louisiana  make sure to get out and Vote for @jbletlow! She is unapologetically pro-life  strong on Crime  and honors and respects our Military. Julia will stand strong for the people of #LA05 and has my full endorsement. https://t.co/Vg71O0cVqV
Mike_Pence,Mike Pence,2009-02-27 23:04:51,,https://twitter.com/Mike_Pence,democrat,catholic,False,True,None,None,Husband  father  48th Vice President of the United States ğŸ‡ºğŸ‡¸,1367940288690479108,2021-03-05 20:49:14,Also  Check out the Best Book ever written about the Penceâ€™s faith  family  and life of public service: â€œWhere You Goâ€ by our Amazing Daughter @charlipence! https://t.co/7oLqHJKXn1
Mike_Pence,Mike Pence,2009-02-27 23:04:51,,https://twitter.com/Mike_Pence,democrat,catholic,False,True,None,None,Husband  father  48th Vice President of the United States ğŸ‡ºğŸ‡¸,1367939625096986624,2021-03-05 20:46:36,"Cancel Culture Strikes Again! This time: Facebook banned an ad for a novel about Abe Lincoln because it included my endorsement as â€œthe best book on President Lincoln I have ever read.â€ 

Donâ€™t let them cancel Old Abe! https://t.co/adsSQwNlXi"
Mike_Pence,Mike Pence,2009-02-27 23:04:51,,https://twitter.com/Mike_Pence,democrat,catholic,False,True,None,None,Husband  father  48th Vice President of the United States ğŸ‡ºğŸ‡¸,1367523628988829696,2021-03-04 17:13:35,"Great Vote last night by @HouseGOP against HR1! This so-called For the People Act is an unconstitutional  reckless  and anti-democratic bill that could permanently damage our republic.

Election Integrity is a National Imperative. ğŸ‡ºğŸ‡¸"
Mike_Pence,Mike Pence,2009-02-27 23:04:51,,https://twitter.com/Mike_Pence,democrat,catholic,False,True,None,None,Husband  father  48th Vice President of the United States ğŸ‡ºğŸ‡¸,1367111413785899010,2021-03-03 13:55:35,https://t.co/PyYfMMAJAU https://t.co/2Lpll8LWS6
Mike_Pence,Mike Pence,2009-02-27 23:04:51,,https://twitter.com/Mike_Pence,democrat,catholic,False,True,None,None,Husband  father  48th Vice President of the United States ğŸ‡ºğŸ‡¸,1367088000602157061,2021-03-03 12:22:33,Hereâ€™s why HR 1 is unconstitutional  reckless  and anti-democratic in my first Op-ed in the @DailySignal: https://t.co/PyYfMMAJAU
Mike_Pence,Mike Pence,2009-02-27 23:04:51,,https://twitter.com/Mike_Pence,democrat,catholic,False,True,None,None,Husband  father  48th Vice President of the United States ğŸ‡ºğŸ‡¸,1367087999310323721,2021-03-03 12:22:32,HR 1  the so-called For the People Act  will increase opportunities for election fraud  trample the First Amendment  further erode confidence in our elections and should be rejected by every member of Congress and opposed by every patriotic American.
Mike_Pence,Mike Pence,2009-02-27 23:04:51,,https://twitter.com/Mike_Pence,democrat,catholic,False,True,None,None,Husband  father  48th Vice President of the United States ğŸ‡ºğŸ‡¸,1365441960568324098,2021-02-26 23:21:46,So Proud of our Son-in-Law Henry and Our Amazing Daughter @charlipence! Welcome Home Lt. Bond &amp; All the Men and Women aboard the USS Nimitz! ğŸ‡ºğŸ‡¸ https://t.co/n0rDaXsCzf
Mike_Pence,Mike Pence,2009-02-27 23:04:51,,https://twitter.com/Mike_Pence,democrat,catholic,False,True,None,None,Husband  father  48th Vice President of the United States ğŸ‡ºğŸ‡¸,1365441872248901638,2021-02-26 23:21:25,Welcome Home! ğŸ‡ºğŸ‡¸ https://t.co/kimLntoXgx
Mike_Pence,Mike Pence,2009-02-27 23:04:51,,https://twitter.com/Mike_Pence,democrat,catholic,False,True,None,None,Husband  father  48th Vice President of the United States ğŸ‡ºğŸ‡¸,1365407371913216001,2021-02-26 21:04:20,"On this last weekend of #BlackHistoryMonth  take time to watch â€œCreated Equalâ€  a documentary of a brave and inspiring American  Justice Clarence Thomas.

Find a way to watch his authentic and courageous story:
https://t.co/ZT0M9JVMUa"
Mike_Pence,Mike Pence,2009-02-27 23:04:51,,https://twitter.com/Mike_Pence,democrat,catholic,False,True,None,None,Husband  father  48th Vice President of the United States ğŸ‡ºğŸ‡¸,1364580889758466048,2021-02-24 14:20:11,Thanks again  @RepublicanStudy. Great to be with House Conservatives! ğŸ‡ºğŸ‡¸ https://t.co/CwUS69nWQA
