KellyannePolls,Kellyanne Conway,2012-01-23 04:14:28,USAğŸ‡ºğŸ‡¸,https://twitter.com/KellyannePolls,democrat,catholic,False,True,None,None,Mom. Patriot. Catholic. Happy Warrior. Counselor. Survivor.,1403177809401585664,2021-06-11 02:30:34,Mom who survived Mao's China calls critical race theory America's Cultural Revolution https://t.co/QQbuZbKiH2 via @nypost
KellyannePolls,Kellyanne Conway,2012-01-23 04:14:28,USAğŸ‡ºğŸ‡¸,https://twitter.com/KellyannePolls,democrat,catholic,False,True,None,None,Mom. Patriot. Catholic. Happy Warrior. Counselor. Survivor.,1403024062562160643,2021-06-10 16:19:38,"WATCH: The radical in charge of changing ""mother"" to ""birthing people"" can't defend it or define it https://t.co/yzI0Dvh3Vx via @YouTube"
KellyannePolls,Kellyanne Conway,2012-01-23 04:14:28,USAğŸ‡ºğŸ‡¸,https://twitter.com/KellyannePolls,democrat,catholic,False,True,None,None,Mom. Patriot. Catholic. Happy Warrior. Counselor. Survivor.,1403021482222145547,2021-06-10 16:09:22,Ilhan Omar Again Sets Off a Fight Among Democrats https://t.co/tUuRkMVA73
KellyannePolls,Kellyanne Conway,2012-01-23 04:14:28,USAğŸ‡ºğŸ‡¸,https://twitter.com/KellyannePolls,democrat,catholic,False,True,None,None,Mom. Patriot. Catholic. Happy Warrior. Counselor. Survivor.,1402435887129141250,2021-06-09 01:22:26,Sen. Capito: Biden 'missed opportunity' to gain 20 Republicans' support in failed infrastructure talks https://t.co/56vJfyVwAH
KellyannePolls,Kellyanne Conway,2012-01-23 04:14:28,USAğŸ‡ºğŸ‡¸,https://twitter.com/KellyannePolls,democrat,catholic,False,True,None,None,Mom. Patriot. Catholic. Happy Warrior. Counselor. Survivor.,1402396238474002435,2021-06-08 22:44:53,"Irony is that Democrats worry Kamala Harris tackling border crisis could hurt her ""politically"" in 2024.
https://t.co/3ObHERriZK
 
Ignoring it is hurting her now. https://t.co/fjC9J4NnxJ"
KellyannePolls,Kellyanne Conway,2012-01-23 04:14:28,USAğŸ‡ºğŸ‡¸,https://twitter.com/KellyannePolls,democrat,catholic,False,True,None,None,Mom. Patriot. Catholic. Happy Warrior. Counselor. Survivor.,1402393531218644994,2021-06-08 22:34:07,"QUIZ - Pres. Trump or VP Kamala?
â€œI want to be clear to folks in this region who are thinking about making that dangerous trek to the U.S-Mexico border: Do not come"" 
â€œStates will continue to enforce our laws&amp;secure our border...if you come to our border  you will be turned backâ€"
KellyannePolls,Kellyanne Conway,2012-01-23 04:14:28,USAğŸ‡ºğŸ‡¸,https://twitter.com/KellyannePolls,democrat,catholic,False,True,None,None,Mom. Patriot. Catholic. Happy Warrior. Counselor. Survivor.,1402391801609207825,2021-06-08 22:27:15,AOC blasts Kamala Harris for telling illegal immigrants to 'not come' https://t.co/XYJABbxM4H via @nypost
KellyannePolls,Kellyanne Conway,2012-01-23 04:14:28,USAğŸ‡ºğŸ‡¸,https://twitter.com/KellyannePolls,democrat,catholic,False,True,None,None,Mom. Patriot. Catholic. Happy Warrior. Counselor. Survivor.,1402391400528875530,2021-06-08 22:25:39,"WATCH: Beyond embarrassing. Cringeworthy. 
The more serious the issue  the more giggly &amp; nonsensical her response
(She's no Amy Klobuchar or Elizabeth Warren) 

Good for Lester Holt for having none of it. 
No softballs from him; no substance from her. https://t.co/rkHXt4AYRI"
KellyannePolls,Kellyanne Conway,2012-01-23 04:14:28,USAğŸ‡ºğŸ‡¸,https://twitter.com/KellyannePolls,democrat,catholic,False,True,None,None,Mom. Patriot. Catholic. Happy Warrior. Counselor. Survivor.,1399458246541316099,2021-05-31 20:10:21,This #MemorialDay we honor  thank &amp; respect the brave men &amp; women who made the ultimate sacrifice to safeguard freedom. God bless your families.
KellyannePolls,Kellyanne Conway,2012-01-23 04:14:28,USAğŸ‡ºğŸ‡¸,https://twitter.com/KellyannePolls,democrat,catholic,False,True,None,None,Mom. Patriot. Catholic. Happy Warrior. Counselor. Survivor.,1398681573747216389,2021-05-29 16:44:08,"Perfect thread by a @washingtonpost and @CNN reporter taking on his own (non-scientist) colleagues' handling of lab leak theory &amp; pretense that it ""suddenly"" became credible. 

Calls out MSM ""toxic mix"" of ""bias  group think  Trump Derangement Syndrome &amp; general incompetence"". https://t.co/WXoVk3IbVn"
KellyannePolls,Kellyanne Conway,2012-01-23 04:14:28,USAğŸ‡ºğŸ‡¸,https://twitter.com/KellyannePolls,democrat,catholic,False,True,None,None,Mom. Patriot. Catholic. Happy Warrior. Counselor. Survivor.,1398042240572866571,2021-05-27 22:23:39,"What a loss. Thank you  Foster  for fighting for freedom and doing it with a smile.  
Remembering Foster Friess https://t.co/yGPCIPnfny"
KellyannePolls,Kellyanne Conway,2012-01-23 04:14:28,USAğŸ‡ºğŸ‡¸,https://twitter.com/KellyannePolls,democrat,catholic,False,True,None,None,Mom. Patriot. Catholic. Happy Warrior. Counselor. Survivor.,1396633157777166339,2021-05-24 01:04:27,"50 is the new 30. 
congrats @PhilMickelson https://t.co/YHe8cK8Jej"
KellyannePolls,Kellyanne Conway,2012-01-23 04:14:28,USAğŸ‡ºğŸ‡¸,https://twitter.com/KellyannePolls,democrat,catholic,False,True,None,None,Mom. Patriot. Catholic. Happy Warrior. Counselor. Survivor.,1396616366992539649,2021-05-23 23:57:44,"Three Minutes - season finale of @AmericanIdol on @ABC 
Three outstanding judges
Three INCREDIBLE performers: Willie  Grace  Chayce https://t.co/YJgUURFTQm"
KellyannePolls,Kellyanne Conway,2012-01-23 04:14:28,USAğŸ‡ºğŸ‡¸,https://twitter.com/KellyannePolls,democrat,catholic,False,True,None,None,Mom. Patriot. Catholic. Happy Warrior. Counselor. Survivor.,1395934932191559683,2021-05-22 02:49:57,.@Yankees delivered a no-hitter and a triple play in same week. https://t.co/NVWl970kY7
KellyannePolls,Kellyanne Conway,2012-01-23 04:14:28,USAğŸ‡ºğŸ‡¸,https://twitter.com/KellyannePolls,democrat,catholic,False,True,None,None,Mom. Patriot. Catholic. Happy Warrior. Counselor. Survivor.,1395231004042874886,2021-05-20 04:12:48,Jill Biden Said Kamala Harris Could 'Go Fuck' Herself' After Debate Attack https://t.co/JiKMa33bGA
KellyannePolls,Kellyanne Conway,2012-01-23 04:14:28,USAğŸ‡ºğŸ‡¸,https://twitter.com/KellyannePolls,democrat,catholic,False,True,None,None,Mom. Patriot. Catholic. Happy Warrior. Counselor. Survivor.,1392789517816541186,2021-05-13 10:31:12,"Economic tremors hit Biden White House 
Over the past week  Biden administration has been met with disappointing economic benchmarks  including lackluster hiring &amp; a surge in consumer prices... rising gas prices &amp; fuel shortages have hammered Southeast
https://t.co/aFuKPK03AR"
KellyannePolls,Kellyanne Conway,2012-01-23 04:14:28,USAğŸ‡ºğŸ‡¸,https://twitter.com/KellyannePolls,democrat,catholic,False,True,None,None,Mom. Patriot. Catholic. Happy Warrior. Counselor. Survivor.,1392779813509910528,2021-05-13 09:52:38,Biden administration struggles to limit political damage from gas shortage https://t.co/ilfWO7zpSZ
KellyannePolls,Kellyanne Conway,2012-01-23 04:14:28,USAğŸ‡ºğŸ‡¸,https://twitter.com/KellyannePolls,democrat,catholic,False,True,None,None,Mom. Patriot. Catholic. Happy Warrior. Counselor. Survivor.,1391405877261914117,2021-05-09 14:53:06,Exclusive â€” Moreno &amp; Grenell: We Need Republicans Who Are â€˜Fightersâ€™ https://t.co/wM60F7NZpr
KellyannePolls,Kellyanne Conway,2012-01-23 04:14:28,USAğŸ‡ºğŸ‡¸,https://twitter.com/KellyannePolls,democrat,catholic,False,True,None,None,Mom. Patriot. Catholic. Happy Warrior. Counselor. Survivor.,1390416958105997315,2021-05-06 21:23:30,'God' left out of Biden's National Day of Prayer proclamation https://t.co/JoeXOfmSCB
KellyannePolls,Kellyanne Conway,2012-01-23 04:14:28,USAğŸ‡ºğŸ‡¸,https://twitter.com/KellyannePolls,democrat,catholic,False,True,None,None,Mom. Patriot. Catholic. Happy Warrior. Counselor. Survivor.,1390416602189991938,2021-05-06 21:22:05,"Time to stop being charmed &amp; calling these ""gaffes"" 
Biden's bizarre Amtrak story doesn't add up https://t.co/dRoZIR5NeN"
KellyannePolls,Kellyanne Conway,2012-01-23 04:14:28,USAğŸ‡ºğŸ‡¸,https://twitter.com/KellyannePolls,democrat,catholic,False,True,None,None,Mom. Patriot. Catholic. Happy Warrior. Counselor. Survivor.,1389581465944526852,2021-05-04 14:03:33,"A fool's errand. 

Charlie Crist  [lately] a Florida Democrat  will run against @RonDeSantisFL for governor. 

https://t.co/vZbyjEpgTx"
KellyannePolls,Kellyanne Conway,2012-01-23 04:14:28,USAğŸ‡ºğŸ‡¸,https://twitter.com/KellyannePolls,democrat,catholic,False,True,None,None,Mom. Patriot. Catholic. Happy Warrior. Counselor. Survivor.,1386651938083704835,2021-04-26 12:02:39,#poll: Many Americans say border security is worse under Biden https://t.co/7jdpJhdW9Q
KellyannePolls,Kellyanne Conway,2012-01-23 04:14:28,USAğŸ‡ºğŸ‡¸,https://twitter.com/KellyannePolls,democrat,catholic,False,True,None,None,Mom. Patriot. Catholic. Happy Warrior. Counselor. Survivor.,1382885593487712259,2021-04-16 02:36:32,"Election Interference. 
WATCH devastatingly embarrassing media mashup peddling disinformation about Russian bounties... Hillary screeching  Kamala saying it in the VP debate!... https://t.co/GzYkt0OXX9"
KellyannePolls,Kellyanne Conway,2012-01-23 04:14:28,USAğŸ‡ºğŸ‡¸,https://twitter.com/KellyannePolls,democrat,catholic,False,True,None,None,Mom. Patriot. Catholic. Happy Warrior. Counselor. Survivor.,1382689170959785995,2021-04-15 13:36:02,FLASHBACK: Ruth Bader Ginsburg opposed court packing  said 'nine seems to be a good number' https://t.co/KoDDcLZdyQ #FoxNews
KellyannePolls,Kellyanne Conway,2012-01-23 04:14:28,USAğŸ‡ºğŸ‡¸,https://twitter.com/KellyannePolls,democrat,catholic,False,True,None,None,Mom. Patriot. Catholic. Happy Warrior. Counselor. Survivor.,1381371057320423427,2021-04-11 22:18:19,"Insightful  thorough remembrance of Prince Philip  Queen Elizabeth II's husband and closest confidant and advisor. RIP. 
 https://t.co/gdgn18xMan"
KellyannePolls,Kellyanne Conway,2012-01-23 04:14:28,USAğŸ‡ºğŸ‡¸,https://twitter.com/KellyannePolls,democrat,catholic,False,True,None,None,Mom. Patriot. Catholic. Happy Warrior. Counselor. Survivor.,1381367617391321092,2021-04-11 22:04:39,Arizona governor @dougducey signs bill forbidding private donations for election operations after Zuckerberg donated millions for 2020 election  https://t.co/QGp8n9jjsF
KellyannePolls,Kellyanne Conway,2012-01-23 04:14:28,USAğŸ‡ºğŸ‡¸,https://twitter.com/KellyannePolls,democrat,catholic,False,True,None,None,Mom. Patriot. Catholic. Happy Warrior. Counselor. Survivor.,1381357598939680772,2021-04-11 21:24:50,ğŸ‘‡ https://t.co/a6HmnHkD9r
KellyannePolls,Kellyanne Conway,2012-01-23 04:14:28,USAğŸ‡ºğŸ‡¸,https://twitter.com/KellyannePolls,democrat,catholic,False,True,None,None,Mom. Patriot. Catholic. Happy Warrior. Counselor. Survivor.,1379822510770941952,2021-04-07 15:44:57,Liberal on the Supreme Court disagrees with Liberals about the Supreme Court: https://t.co/z0YoVSKySG
KellyannePolls,Kellyanne Conway,2012-01-23 04:14:28,USAğŸ‡ºğŸ‡¸,https://twitter.com/KellyannePolls,democrat,catholic,False,True,None,None,Mom. Patriot. Catholic. Happy Warrior. Counselor. Survivor.,1379822060738904068,2021-04-07 15:43:09,"""The most influential anchors on our network  the highest-paid  are men. My bosses  my executives  are men. The person who oversees CNN Dayside is a man  and my executive producer for 10 years is a man."""
KellyannePolls,Kellyanne Conway,2012-01-23 04:14:28,USAğŸ‡ºğŸ‡¸,https://twitter.com/KellyannePolls,democrat,catholic,False,True,None,None,Mom. Patriot. Catholic. Happy Warrior. Counselor. Survivor.,1379821400643502084,2021-04-07 15:40:32,Departing CNN anchor Brooke Baldwin airs grievances with lack of women in key roles at liberal network https://t.co/PMUx35S0iT #FoxNews
KellyannePolls,Kellyanne Conway,2012-01-23 04:14:28,USAğŸ‡ºğŸ‡¸,https://twitter.com/KellyannePolls,democrat,catholic,False,True,None,None,Mom. Patriot. Catholic. Happy Warrior. Counselor. Survivor.,1379820446015750146,2021-04-07 15:36:44,"â€˜A moment of perilâ€™: Bidenâ€™s coronavirus response collides with case spikes

(Now they tell us): ""Biden also has no more sway than Trump over a mutating virus that scientists have only begun to understand.""
https://t.co/VDBfzpX2Ba"
KellyannePolls,Kellyanne Conway,2012-01-23 04:14:28,USAğŸ‡ºğŸ‡¸,https://twitter.com/KellyannePolls,democrat,catholic,False,True,None,None,Mom. Patriot. Catholic. Happy Warrior. Counselor. Survivor.,1379453541862014976,2021-04-06 15:18:48,EXCLUSIVE: Bidenâ€™s DHS may restart border wall construction to plug â€˜gapsâ€™ - https://t.co/jP2iHTJaUH -
KellyannePolls,Kellyanne Conway,2012-01-23 04:14:28,USAğŸ‡ºğŸ‡¸,https://twitter.com/KellyannePolls,democrat,catholic,False,True,None,None,Mom. Patriot. Catholic. Happy Warrior. Counselor. Survivor.,1379157010143444995,2021-04-05 19:40:29,New #Poll: Americans Disapprove Of Bidenâ€™s Handling Of Child Migrant Crisis https://t.co/UXSVWhtaIy
KellyannePolls,Kellyanne Conway,2012-01-23 04:14:28,USAğŸ‡ºğŸ‡¸,https://twitter.com/KellyannePolls,democrat,catholic,False,True,None,None,Mom. Patriot. Catholic. Happy Warrior. Counselor. Survivor.,1379127242836619269,2021-04-05 17:42:12,"Horrible. Smugglers lie  people die.

.@VP giggles her way through softball questions. 

Her advisors worry that leading on a border CRISIS that is physically perilous for children will be ""politically perilous"" for her. https://t.co/3ObHERriZK https://t.co/mmDKYaHlAn"
KellyannePolls,Kellyanne Conway,2012-01-23 04:14:28,USAğŸ‡ºğŸ‡¸,https://twitter.com/KellyannePolls,democrat,catholic,False,True,None,None,Mom. Patriot. Catholic. Happy Warrior. Counselor. Survivor.,1378380653218123776,2021-04-03 16:15:31,"Thanks @CNN for the incriminating footage  but ""it would appear"" this was a phony photo-op. Buttigieg &amp; his bike rode comfortably to the White House in two ""gas-guzzling"" SUVs  unloaded the bike on the complex &amp; pedaled a short distance. https://t.co/WGkMULNn0j"
KellyannePolls,Kellyanne Conway,2012-01-23 04:14:28,USAğŸ‡ºğŸ‡¸,https://twitter.com/KellyannePolls,democrat,catholic,False,True,None,None,Mom. Patriot. Catholic. Happy Warrior. Counselor. Survivor.,1378373709543661569,2021-04-03 15:47:55,"Nonpartisan study declares AOC one of the least effective members of Congress 
""Sheâ€™s the queen of Twitter â€” but less successful at lawmaking.â€(Pelosi has said this  too): https://t.co/rhRgewfykN

https://t.co/Qx8LBqMMso"
KellyannePolls,Kellyanne Conway,2012-01-23 04:14:28,USAğŸ‡ºğŸ‡¸,https://twitter.com/KellyannePolls,democrat,catholic,False,True,None,None,Mom. Patriot. Catholic. Happy Warrior. Counselor. Survivor.,1378370237830160389,2021-04-03 15:34:08,Prominent Democrats' Farrakhan ties resurface after Capitol attacker revealed as Nation of Islam follower https://t.co/JGUgzJTCnc #FoxNews
KellyannePolls,Kellyanne Conway,2012-01-23 04:14:28,USAğŸ‡ºğŸ‡¸,https://twitter.com/KellyannePolls,democrat,catholic,False,True,None,None,Mom. Patriot. Catholic. Happy Warrior. Counselor. Survivor.,1377359750505984000,2021-03-31 20:38:49,Kamala Harris has gone 7 days since being tapped for border crisis role without a press conference https://t.co/hkt7gvQ1En #FoxNews
KellyannePolls,Kellyanne Conway,2012-01-23 04:14:28,USAğŸ‡ºğŸ‡¸,https://twitter.com/KellyannePolls,democrat,catholic,False,True,None,None,Mom. Patriot. Catholic. Happy Warrior. Counselor. Survivor.,1375171289376288779,2021-03-25 19:42:39,Even @CNN White House Correspondent thinks this is odd. https://t.co/8EY6oOBu8H
KellyannePolls,Kellyanne Conway,2012-01-23 04:14:28,USAğŸ‡ºğŸ‡¸,https://twitter.com/KellyannePolls,democrat,catholic,False,True,None,None,Mom. Patriot. Catholic. Happy Warrior. Counselor. Survivor.,1374401183230484483,2021-03-23 16:42:31,What do we do about the reporters' Twitter feeds that read like newsletters? https://t.co/wny3aRV994
KellyannePolls,Kellyanne Conway,2012-01-23 04:14:28,USAğŸ‡ºğŸ‡¸,https://twitter.com/KellyannePolls,democrat,catholic,False,True,None,None,Mom. Patriot. Catholic. Happy Warrior. Counselor. Survivor.,1374144406589222918,2021-03-22 23:42:11,"Tonight! â¦@claudiamconwayyâ© is back on the â¦â¦â¦@AmericanIdolâ© stage. Itâ€™s #HollywoodWeek

So proud of herâ¤ï¸ğŸ¤

Tune in 8/7C on ABC. https://t.co/YHJL3eAG0H"
KellyannePolls,Kellyanne Conway,2012-01-23 04:14:28,USAğŸ‡ºğŸ‡¸,https://twitter.com/KellyannePolls,democrat,catholic,False,True,None,None,Mom. Patriot. Catholic. Happy Warrior. Counselor. Survivor.,1373766807224516613,2021-03-21 22:41:44,"Tonight! On #AmericanIdol 
Out talented  beautiful daughter @claudiamconwayy is back on the stage for #HollywoodWeek

Tune in 8/7 C on ABC. 

Congratulations to all performers! https://t.co/mjp7y6caal"
KellyannePolls,Kellyanne Conway,2012-01-23 04:14:28,USAğŸ‡ºğŸ‡¸,https://twitter.com/KellyannePolls,democrat,catholic,False,True,None,None,Mom. Patriot. Catholic. Happy Warrior. Counselor. Survivor.,1372948206405963783,2021-03-19 16:28:55,It matters. It may matter less if not for the five-alarm fires every time his energetic predecessor touched a handrail or a bottle of water with two hands.
KellyannePolls,Kellyanne Conway,2012-01-23 04:14:28,USAğŸ‡ºğŸ‡¸,https://twitter.com/KellyannePolls,democrat,catholic,False,True,None,None,Mom. Patriot. Catholic. Happy Warrior. Counselor. Survivor.,1372946009924460546,2021-03-19 16:20:11,Biden keeps falling up the stairs as he boards Air Force One https://t.co/p47e5RTFfq
KellyannePolls,Kellyanne Conway,2012-01-23 04:14:28,USAğŸ‡ºğŸ‡¸,https://twitter.com/KellyannePolls,democrat,catholic,False,True,None,None,Mom. Patriot. Catholic. Happy Warrior. Counselor. Survivor.,1372025238272282627,2021-03-17 03:21:22,Trump urges all Americans to get COVID vaccine: 'It's a safe vaccine' and it 'works'  https://t.co/C3v9eljEMm
KellyannePolls,Kellyanne Conway,2012-01-23 04:14:28,USAğŸ‡ºğŸ‡¸,https://twitter.com/KellyannePolls,democrat,catholic,False,True,None,None,Mom. Patriot. Catholic. Happy Warrior. Counselor. Survivor.,1371997002855243777,2021-03-17 01:29:10,VP Harris dodges question about migrant children: 'I haven't been briefed on anything today about it' https://t.co/J0U3y8rbM9 #FoxNews
KellyannePolls,Kellyanne Conway,2012-01-23 04:14:28,USAğŸ‡ºğŸ‡¸,https://twitter.com/KellyannePolls,democrat,catholic,False,True,None,None,Mom. Patriot. Catholic. Happy Warrior. Counselor. Survivor.,1371986460543479817,2021-03-17 00:47:17,https://t.co/HV5YxML8rR
KellyannePolls,Kellyanne Conway,2012-01-23 04:14:28,USAğŸ‡ºğŸ‡¸,https://twitter.com/KellyannePolls,democrat,catholic,False,True,None,None,Mom. Patriot. Catholic. Happy Warrior. Counselor. Survivor.,1371965876921044992,2021-03-16 23:25:29,"President Trump encourages people to get vaccinated against COVID-19. 

In interview with @MariaBartiromo on @FoxNews"
KellyannePolls,Kellyanne Conway,2012-01-23 04:14:28,USAğŸ‡ºğŸ‡¸,https://twitter.com/KellyannePolls,democrat,catholic,False,True,None,None,Mom. Patriot. Catholic. Happy Warrior. Counselor. Survivor.,1371938184523825152,2021-03-16 21:35:27,"BREAKING: Embattled @TaylorLorenz of @NYT will need to find ""friends"" her own age. https://t.co/Rp1Ya3DIcn"
KellyannePolls,Kellyanne Conway,2012-01-23 04:14:28,USAğŸ‡ºğŸ‡¸,https://twitter.com/KellyannePolls,democrat,catholic,False,True,None,None,Mom. Patriot. Catholic. Happy Warrior. Counselor. Survivor.,1371932774047830021,2021-03-16 21:13:57,New #poll shows Cuban-American voters align with @GOP https://t.co/Vf6ign3dfa
KellyannePolls,Kellyanne Conway,2012-01-23 04:14:28,USAğŸ‡ºğŸ‡¸,https://twitter.com/KellyannePolls,democrat,catholic,False,True,None,None,Mom. Patriot. Catholic. Happy Warrior. Counselor. Survivor.,1371927386187567105,2021-03-16 20:52:32,#MeWho? The hypocritical silence of Kamala Harris https://t.co/XMsqRqwc3a
KellyannePolls,Kellyanne Conway,2012-01-23 04:14:28,USAğŸ‡ºğŸ‡¸,https://twitter.com/KellyannePolls,democrat,catholic,False,True,None,None,Mom. Patriot. Catholic. Happy Warrior. Counselor. Survivor.,1371927383910055944,2021-03-16 20:52:32,Biden push for face mask standard in workplace misses self-imposed deadline https://t.co/iQG2BDpErC #FoxNews
KellyannePolls,Kellyanne Conway,2012-01-23 04:14:28,USAğŸ‡ºğŸ‡¸,https://twitter.com/KellyannePolls,democrat,catholic,False,True,None,None,Mom. Patriot. Catholic. Happy Warrior. Counselor. Survivor.,1371785717463060482,2021-03-16 11:29:36,â€˜They Made Up Quotesâ€™: WaPo Ripped For Reporting Fraudulent Trump Quotes On Call With GA Investigator https://t.co/rZPYMmYgKi
KellyannePolls,Kellyanne Conway,2012-01-23 04:14:28,USAğŸ‡ºğŸ‡¸,https://twitter.com/KellyannePolls,democrat,catholic,False,True,None,None,Mom. Patriot. Catholic. Happy Warrior. Counselor. Survivor.,1371785095703625729,2021-03-16 11:27:08,"Biden-Harris Border Crisis: ""Migrant children are being forced to sleep on gym mats with foil sheets &amp; go for days without showering as Border Patrol struggles to handle thousands of young Central Americans who are surging across the southwestern border."" https://t.co/rbqPh4auWN"
KellyannePolls,Kellyanne Conway,2012-01-23 04:14:28,USAğŸ‡ºğŸ‡¸,https://twitter.com/KellyannePolls,democrat,catholic,False,True,None,None,Mom. Patriot. Catholic. Happy Warrior. Counselor. Survivor.,1369530856730206208,2021-03-10 06:09:35,"A week before @tuckercarlson exposed her self-absorption  prominent VCs discussed @taylorlorenz's nutty tweets and specious claim of ""gender-based harassment"" 

see for yourself:
https://t.co/BIQfRtY2iI https://t.co/iyYsw9xvt8"
KellyannePolls,Kellyanne Conway,2012-01-23 04:14:28,USAğŸ‡ºğŸ‡¸,https://twitter.com/KellyannePolls,democrat,catholic,False,True,None,None,Mom. Patriot. Catholic. Happy Warrior. Counselor. Survivor.,1369525657844277249,2021-03-10 05:48:56,"Thin-skinned @TaylorLorenz loves being a public figure; goes on TV; features her face on Insta; writes for @nytimes &amp; tweeted about herself on International Women's Day

When @TaylorLorenz criticizes people  it's ""journalism""
When @TaylorLorenz  is criticized  it's ""harassment"" https://t.co/gA7YUNFkkj"
KellyannePolls,Kellyanne Conway,2012-01-23 04:14:28,USAğŸ‡ºğŸ‡¸,https://twitter.com/KellyannePolls,democrat,catholic,False,True,None,None,Mom. Patriot. Catholic. Happy Warrior. Counselor. Survivor.,1369508959732834304,2021-03-10 04:42:34,Exclusive: Goldman Sachs Invests $10 Billion In New 'One Million Black Women' InitiativeÂ https://t.co/CldlwnNW7f via @ESSENCE
KellyannePolls,Kellyanne Conway,2012-01-23 04:14:28,USAğŸ‡ºğŸ‡¸,https://twitter.com/KellyannePolls,democrat,catholic,False,True,None,None,Mom. Patriot. Catholic. Happy Warrior. Counselor. Survivor.,1369448057314697219,2021-03-10 00:40:34,Best THREAD - each of the 20+ tweets worthwhile. https://t.co/3R6t8CUxHV
KellyannePolls,Kellyanne Conway,2012-01-23 04:14:28,USAğŸ‡ºğŸ‡¸,https://twitter.com/KellyannePolls,democrat,catholic,False,True,None,None,Mom. Patriot. Catholic. Happy Warrior. Counselor. Survivor.,1369350362965147650,2021-03-09 18:12:22,Biden Forgets Defense Secretary's Name: 'The Guy Who Runs that Outfit' https://t.co/zzrw5HL0pF
KellyannePolls,Kellyanne Conway,2012-01-23 04:14:28,USAğŸ‡ºğŸ‡¸,https://twitter.com/KellyannePolls,democrat,catholic,False,True,None,None,Mom. Patriot. Catholic. Happy Warrior. Counselor. Survivor.,1369107958060171264,2021-03-09 02:09:08,Entire staff of Nevada Democratic Party quits after democratic socialist slate won every seat https://t.co/CnLJdFRaXJ
KellyannePolls,Kellyanne Conway,2012-01-23 04:14:28,USAğŸ‡ºğŸ‡¸,https://twitter.com/KellyannePolls,democrat,catholic,False,True,None,None,Mom. Patriot. Catholic. Happy Warrior. Counselor. Survivor.,1366763920074145797,2021-03-02 14:54:46,"A great man of historic accomplishments.
Condolences to his family. 

Vernon Jordan  Civil Rights Activist and D.C. Power Broker  Dies at 85 https://t.co/yDzEmSnJ8O"
KellyannePolls,Kellyanne Conway,2012-01-23 04:14:28,USAğŸ‡ºğŸ‡¸,https://twitter.com/KellyannePolls,democrat,catholic,False,True,None,None,Mom. Patriot. Catholic. Happy Warrior. Counselor. Survivor.,1366452788281159680,2021-03-01 18:18:26,CA teachers union president who led school closure charge seen dropping daughter off at in-person preschool https://t.co/2xy8CSfcBF #FoxNews
KellyannePolls,Kellyanne Conway,2012-01-23 04:14:28,USAğŸ‡ºğŸ‡¸,https://twitter.com/KellyannePolls,democrat,catholic,False,True,None,None,Mom. Patriot. Catholic. Happy Warrior. Counselor. Survivor.,1366452507698987017,2021-03-01 18:17:19,".@washingtonpost Publisher confronts Biden:

""Friends and foes around the world are carefully monitoring his actions  judging the strength of his convictions &amp; calculating the circumstances where expedience may cause him to waiver &amp; abandon our values.""

https://t.co/vhMHCGkPJ2"
KellyannePolls,Kellyanne Conway,2012-01-23 04:14:28,USAğŸ‡ºğŸ‡¸,https://twitter.com/KellyannePolls,democrat,catholic,False,True,None,None,Mom. Patriot. Catholic. Happy Warrior. Counselor. Survivor.,1366171552581103623,2021-02-28 23:40:55,"POLITICO 2024 PRIMARY POLL excluded @GovRonDeSantis who came in 2nd in #CPAC poll

Donald Trump 53%
Mike Pence 12%
Donald Trump Jr. 6%
Nikki Haley 6%
Mitt Romney 4%
Ted Cruz 4%
Marco Rubio 2%
Mike Pompeo 2%
Josh Hawley 1%
Tom Cotton 1%
Tim Scott 1%
Kristi Noem 1%
Larry Hogan 1% https://t.co/qKDPuoAPSl"
KellyannePolls,Kellyanne Conway,2012-01-23 04:14:28,USAğŸ‡ºğŸ‡¸,https://twitter.com/KellyannePolls,democrat,catholic,False,True,None,None,Mom. Patriot. Catholic. Happy Warrior. Counselor. Survivor.,1366167487491026950,2021-02-28 23:24:45,@Olivianuzzi @NYMag Deeply sorry for your loss  Olivia. Sympathy and prayers.
KellyannePolls,Kellyanne Conway,2012-01-23 04:14:28,USAğŸ‡ºğŸ‡¸,https://twitter.com/KellyannePolls,democrat,catholic,False,True,None,None,Mom. Patriot. Catholic. Happy Warrior. Counselor. Survivor.,1365065697093648388,2021-02-25 22:26:38,".@washingtonpost issues a statement after Woke Leftwing Tweeters unleashed a ""flood of racist  sexist and ill-informed attacks"" on @seungminkim  who was just doing her job. People are scary  as is expectation that reporters should stay silent or actively help a political nominee. https://t.co/U6Q41ljYt3"
KellyannePolls,Kellyanne Conway,2012-01-23 04:14:28,USAğŸ‡ºğŸ‡¸,https://twitter.com/KellyannePolls,democrat,catholic,False,True,None,None,Mom. Patriot. Catholic. Happy Warrior. Counselor. Survivor.,1365062874591342592,2021-02-25 22:15:25,Former Assistant Secretary of Health: https://t.co/SY5CY0TT2k
KellyannePolls,Kellyanne Conway,2012-01-23 04:14:28,USAğŸ‡ºğŸ‡¸,https://twitter.com/KellyannePolls,democrat,catholic,False,True,None,None,Mom. Patriot. Catholic. Happy Warrior. Counselor. Survivor.,1364753198926422021,2021-02-25 01:44:53,Jimmy and Rosalynn Carter  Newly Vaccinated  Return to Church in Georgia https://t.co/36zE8iGyCY
KellyannePolls,Kellyanne Conway,2012-01-23 04:14:28,USAğŸ‡ºğŸ‡¸,https://twitter.com/KellyannePolls,democrat,catholic,False,True,None,None,Mom. Patriot. Catholic. Happy Warrior. Counselor. Survivor.,1364750537959362562,2021-02-25 01:34:18,Swalwell committee colleagues ask FBI for briefing on China 'honey pot' https://t.co/ijrUWVKwwK via @nypost
KellyannePolls,Kellyanne Conway,2012-01-23 04:14:28,USAğŸ‡ºğŸ‡¸,https://twitter.com/KellyannePolls,democrat,catholic,False,True,None,None,Mom. Patriot. Catholic. Happy Warrior. Counselor. Survivor.,1364724106252410884,2021-02-24 23:49:16,Lincoln Project Received $32 Million in Free Media from CNN  MSNBC Since Weaver Scandal Broke https://t.co/R5J1TQhJb2
KellyannePolls,Kellyanne Conway,2012-01-23 04:14:28,USAğŸ‡ºğŸ‡¸,https://twitter.com/KellyannePolls,democrat,catholic,False,True,None,None,Mom. Patriot. Catholic. Happy Warrior. Counselor. Survivor.,1364016094177026048,2021-02-23 00:55:53,State Dept briefing gets heated as reporter asks if Biden admin taking credit for Trump accomplishments https://t.co/8AuxDnSBek #FoxNews
KellyannePolls,Kellyanne Conway,2012-01-23 04:14:28,USAğŸ‡ºğŸ‡¸,https://twitter.com/KellyannePolls,democrat,catholic,False,True,None,None,Mom. Patriot. Catholic. Happy Warrior. Counselor. Survivor.,1363274662680145931,2021-02-20 23:49:42,3/3: Is it possible to just pray for a 97-year old man with stage four lung cancer without invoking &amp; insulting someone you canâ€™t seem to quit? https://t.co/L6kKw1IMSi
KellyannePolls,Kellyanne Conway,2012-01-23 04:14:28,USAğŸ‡ºğŸ‡¸,https://twitter.com/KellyannePolls,democrat,catholic,False,True,None,None,Mom. Patriot. Catholic. Happy Warrior. Counselor. Survivor.,1363274590278057984,2021-02-20 23:49:25,"2/2: Trump on Dole:
â€œIn hearing his story they will truly learn what it means to be a great American. Bob  that is the legacy that you have left our nation &amp; it will outlive us all. You are a friend  a patriot  a hero  a leader &amp; today you (receive) the Congressional Gold Medalâ€ https://t.co/L6kKw1IMSi"
KellyannePolls,Kellyanne Conway,2012-01-23 04:14:28,USAğŸ‡ºğŸ‡¸,https://twitter.com/KellyannePolls,democrat,catholic,False,True,None,None,Mom. Patriot. Catholic. Happy Warrior. Counselor. Survivor.,1363274545931640837,2021-02-20 23:49:14,"1/3: this is a lie 

President Trump signed the law that awarded @SenatorDole the  Congressional Medal of Honor and then he and VP @Mike_Pence praised Dole at the ceremony in the U.S. Capitol three years ago. 

https://t.co/G43rC9S1Zg https://t.co/L6kKw1IMSi"
KellyannePolls,Kellyanne Conway,2012-01-23 04:14:28,USAğŸ‡ºğŸ‡¸,https://twitter.com/KellyannePolls,democrat,catholic,False,True,None,None,Mom. Patriot. Catholic. Happy Warrior. Counselor. Survivor.,1363264296671719425,2021-02-20 23:08:31,"Entire school board in California town resigns after hot mic catches them insulting parents as potheads who want their kids back in school to have â€œbabysittersâ€ 
 https://t.co/XAf4CQXcLq"
KellyannePolls,Kellyanne Conway,2012-01-23 04:14:28,USAğŸ‡ºğŸ‡¸,https://twitter.com/KellyannePolls,democrat,catholic,False,True,None,None,Mom. Patriot. Catholic. Happy Warrior. Counselor. Survivor.,1362421001531912201,2021-02-18 15:17:33,God bless you  @SenatorDole  a true patriot and hero and my beloved friend. We are pulling and praying for you. https://t.co/3fILjgz8Ry
KellyannePolls,Kellyanne Conway,2012-01-23 04:14:28,USAğŸ‡ºğŸ‡¸,https://twitter.com/KellyannePolls,democrat,catholic,False,True,None,None,Mom. Patriot. Catholic. Happy Warrior. Counselor. Survivor.,1362097339964473344,2021-02-17 17:51:27,"Rush Limbaugh was an architect of the center-right movement  defined &amp; dominated political talk radio for decades &amp; gave daily voice to millions of pro-freedom Americans. 

Rushâ€™s inimitable influence inspires his listeners &amp; inflames his criticsğŸ‡ºğŸ‡¸

Sympathy to his family. RIPğŸ™ğŸ» https://t.co/vAmHwJ8Oco"
KellyannePolls,Kellyanne Conway,2012-01-23 04:14:28,USAğŸ‡ºğŸ‡¸,https://twitter.com/KellyannePolls,democrat,catholic,False,True,None,None,Mom. Patriot. Catholic. Happy Warrior. Counselor. Survivor.,1361498667694387203,2021-02-16 02:12:32,"George never took a dime from @ProjectLincoln  yet:

""More than half of the nearly $90 million raised by the project flowed to firms controlled by its various founders. Once it was there  there was usually no way to track how they spent or kept it.""

https://t.co/wVDWTIUC8E"
KellyannePolls,Kellyanne Conway,2012-01-23 04:14:28,USAğŸ‡ºğŸ‡¸,https://twitter.com/KellyannePolls,democrat,catholic,False,True,None,None,Mom. Patriot. Catholic. Happy Warrior. Counselor. Survivor.,1361497426062946304,2021-02-16 02:07:36,"Inside Lincoln Projectâ€™s â€˜toxicâ€™ workplace: Accusations of sexual harassment &amp; a culture of infighting 

Staff ""described a workplace where women were sidelined &amp; where sexist &amp; homophobic language was used by leadership [white men who took all the $$$]""

https://t.co/tHKeAX7Xp6"
KellyannePolls,Kellyanne Conway,2012-01-23 04:14:28,USAğŸ‡ºğŸ‡¸,https://twitter.com/KellyannePolls,democrat,catholic,False,True,None,None,Mom. Patriot. Catholic. Happy Warrior. Counselor. Survivor.,1361138821589532674,2021-02-15 02:22:38,"#ClaudiaonIdol is NEXT  following the fabulous Nia-Renee!
@AmericanIdol"
KellyannePolls,Kellyanne Conway,2012-01-23 04:14:28,USAğŸ‡ºğŸ‡¸,https://twitter.com/KellyannePolls,democrat,catholic,False,True,None,None,Mom. Patriot. Catholic. Happy Warrior. Counselor. Survivor.,1361114353341263872,2021-02-15 00:45:24,"#ClaudiaonIdol

Season Premiere in 15 minutes...on @ABC https://t.co/i15wBcaMW6"
KellyannePolls,Kellyanne Conway,2012-01-23 04:14:28,USAğŸ‡ºğŸ‡¸,https://twitter.com/KellyannePolls,democrat,catholic,False,True,None,None,Mom. Patriot. Catholic. Happy Warrior. Counselor. Survivor.,1361112558019739652,2021-02-15 00:38:16,".@AmericanIdol is BACK tonight with tons of talent  including our daughter! @gtconway3d 
@Claudiamconwayy you are our IDOL. 
Tune in soon: 8/7c. #ClaudiaonIdol https://t.co/gO780fFYYC"
KellyannePolls,Kellyanne Conway,2012-01-23 04:14:28,USAğŸ‡ºğŸ‡¸,https://twitter.com/KellyannePolls,democrat,catholic,False,True,None,None,Mom. Patriot. Catholic. Happy Warrior. Counselor. Survivor.,1353385724855382017,2021-01-24 16:54:36,"#LarryKing was one of the all-time greats. Off-camera  he carried the conversation. On-camera  he let his guests speak. 

His radio show was legendary.

RIP. God bless Larry King. https://t.co/KvEwyNUaK2"
KellyannePolls,Kellyanne Conway,2012-01-23 04:14:28,USAğŸ‡ºğŸ‡¸,https://twitter.com/KellyannePolls,democrat,catholic,False,True,None,None,Mom. Patriot. Catholic. Happy Warrior. Counselor. Survivor.,1353383963386126336,2021-01-24 16:47:36,https://t.co/Vj7UyWGyB4
KellyannePolls,Kellyanne Conway,2012-01-23 04:14:28,USAğŸ‡ºğŸ‡¸,https://twitter.com/KellyannePolls,democrat,catholic,False,True,None,None,Mom. Patriot. Catholic. Happy Warrior. Counselor. Survivor.,1353382972330708992,2021-01-24 16:43:39,Biden's pause on oil cause for big concern in New Mexico https://t.co/yBg0FpJYWO
KellyannePolls,Kellyanne Conway,2012-01-23 04:14:28,USAğŸ‡ºğŸ‡¸,https://twitter.com/KellyannePolls,democrat,catholic,False,True,None,None,Mom. Patriot. Catholic. Happy Warrior. Counselor. Survivor.,1353380467169517569,2021-01-24 16:33:42,Caption Correction: Mommy feeds us more and youâ€™re mean. https://t.co/BKytbNVu1J
KellyannePolls,Kellyanne Conway,2012-01-23 04:14:28,USAğŸ‡ºğŸ‡¸,https://twitter.com/KellyannePolls,democrat,catholic,False,True,None,None,Mom. Patriot. Catholic. Happy Warrior. Counselor. Survivor.,1352669112405815296,2021-01-22 17:27:02,"""James Comeyâ€™s new book opened with 1% of the first week sales of his last book. Thatâ€™s likely the biggest drop off in the history of book publishing.""

https://t.co/pAtLdiNbSW https://t.co/3Bg8gKl0ZV"
KellyannePolls,Kellyanne Conway,2012-01-23 04:14:28,USAğŸ‡ºğŸ‡¸,https://twitter.com/KellyannePolls,democrat,catholic,False,True,None,None,Mom. Patriot. Catholic. Happy Warrior. Counselor. Survivor.,1352665249997074436,2021-01-22 17:11:41,The @WashingtonPost appears to have paved over its own good journalism to protect Vice President Kamala Harris from her own words. https://t.co/ELwgXwIzkJ via @reason @bterris
KellyannePolls,Kellyanne Conway,2012-01-23 04:14:28,USAğŸ‡ºğŸ‡¸,https://twitter.com/KellyannePolls,democrat,catholic,False,True,None,None,Mom. Patriot. Catholic. Happy Warrior. Counselor. Survivor.,1352662604506914819,2021-01-22 17:01:10,Biden Energy Pick Set to Make Millions from Prominent Energy Company https://t.co/lxOAl4Hdhq
KellyannePolls,Kellyanne Conway,2012-01-23 04:14:28,USAğŸ‡ºğŸ‡¸,https://twitter.com/KellyannePolls,democrat,catholic,False,True,None,None,Mom. Patriot. Catholic. Happy Warrior. Counselor. Survivor.,1352637312111411206,2021-01-22 15:20:40,"Thoughts on power  as told to @axios:

 https://t.co/kg7Npz6P8K"
KellyannePolls,Kellyanne Conway,2012-01-23 04:14:28,USAğŸ‡ºğŸ‡¸,https://twitter.com/KellyannePolls,democrat,catholic,False,True,None,None,Mom. Patriot. Catholic. Happy Warrior. Counselor. Survivor.,1352283683554734081,2021-01-21 15:55:29,"May God bless the new Administration @POTUS @JoeBiden @VP @KamalaHarris in their work on behalf of this great nation and her people.

Unity = always rooting for America's security and success."
